iteration,reward
0,-22
1,25
2,75
3,60
4,2
5,-10
6,1
7,44
8,-8
9,14
10,95
11,31
12,59
13,32
14,45
15,-29
16,-36
17,-41
18,4
19,8
20,67
21,42
22,48
23,-45
24,29
25,-42
26,-1
27,-21
28,20
29,-17
30,29
31,16
32,-50
33,-1
34,-5
35,29
36,-20
37,93
38,11
39,63
40,-73
41,-78
42,29
43,19
44,28
45,39
46,56
47,-46
48,31
49,-89
50,-41
51,-72
52,10
53,-6
54,8
55,39
56,-8
57,-19
58,-55
59,-5
60,85
61,-26
62,11
63,40
64,58
65,-41
66,-39
67,79
68,-48
69,93
70,-52
71,-53
72,-51
73,20
74,-21
75,45
76,-7
77,81
78,-35
79,5
80,95
81,1
82,87
83,9
84,55
85,-13
86,-26
87,100
88,73
89,-27
90,-16
91,59
92,61
93,1
94,70
95,26
96,-3
97,61
98,3
99,-93
100,47
101,-16
102,-12
103,-40
104,87
105,80
106,5
107,61
108,37
109,35
110,8
111,7
112,-27
113,50
114,22
115,-1
116,-42
117,-57
118,81
119,93
120,24
121,-7
122,1
123,-56
124,1
125,0
126,80
127,5
128,3
129,-49
130,5
131,63
132,-7
133,24
134,73
135,83
136,-43
137,-78
138,87
139,-31
140,1
141,12
142,79
143,99
144,35
145,87
146,-64
147,87
148,14
149,-73
150,81
151,-5
152,79
153,64
154,22
155,8
156,89
157,-28
158,49
159,-44
160,85
161,71
162,24
163,21
164,-76
165,85
166,-38
167,-12
168,1
169,-17
170,-54
171,-7
172,-5
173,-38
174,-34
175,44
176,-16
177,1
178,24
179,-49
180,22
181,22
182,-36
183,65
184,-54
185,-19
186,-4
187,-27
188,-50
189,22
190,-74
191,-26
192,2
193,42
194,-20
195,71
196,40
197,57
198,87
199,60
200,-74
201,64
202,29
203,-11
204,50
205,11
206,85
207,24
208,4
209,44
210,89
211,79
212,-48
213,93
214,-22
215,11
216,54
217,93
218,-70
219,-85
220,92
221,-5
222,85
223,31
224,-9
225,60
226,68
227,27
228,2
229,93
230,99
231,29
232,85
233,-44
234,47
235,45
236,40
237,37
238,97
239,-22
240,76
241,79
242,-42
243,-25
244,89
245,12
246,56
247,40
248,75
249,64
250,-57
251,-15
252,3
253,43
254,40
255,-9
256,87
257,23
258,63
259,-11
260,-5
261,-14
262,-46
263,-15
264,31
265,-75
266,47
267,-32
268,33
269,37
270,32
271,1
272,52
273,63
274,-76
275,102
276,103
277,-54
278,-20
279,-42
280,69
281,-55
282,55
283,70
284,6
285,10
286,-33
287,47
288,27
289,28
290,-13
291,47
292,49
293,95
294,108
295,-57
296,-16
297,85
298,91
299,38
300,-19
301,87
302,15
303,-15
304,93
305,2
306,38
307,45
308,-1
309,20
310,-17
311,64
312,19
313,-3
314,2
315,38
316,12
317,-2
318,43
319,55
320,15
321,16
322,-1
323,25
324,75
325,28
326,79
327,12
328,95
329,9
330,6
331,-9
332,-68
333,73
334,84
335,-26
336,25
337,-31
338,-31
339,0
340,30
341,89
342,97
343,29
344,73
345,-22
346,-50
347,32
348,42
349,-58
350,81
351,8
352,9
353,44
354,-6
355,34
356,-17
357,11
358,83
359,95
360,-54
361,85
362,95
363,-3
364,-41
365,50
366,85
367,-17
368,95
369,36
370,12
371,81
372,39
373,-71
374,-10
375,89
376,12
377,73
378,92
379,85
380,-50
381,-30
382,88
383,-39
384,-31
385,-65
386,3
387,30
388,-31
389,-22
390,89
391,79
392,95
393,81
394,95
395,92
396,21
397,83
398,32
399,44
400,91
401,15
402,89
403,27
404,2
405,29
406,95
407,77
408,-13
409,52
410,-5
411,59
412,12
413,10
414,35
415,-8
416,3
417,49
418,-57
419,35
420,87
421,-25
422,-59
423,-67
424,83
425,54
426,-58
427,6
428,85
429,-18
430,87
431,-23
432,91
433,-9
434,16
435,10
436,16
437,-44
438,83
439,85
440,87
441,91
442,0
443,-2
444,-20
445,-93
446,32
447,51
448,-34
449,-22
450,89
451,-57
452,83
453,62
454,79
455,95
456,78
457,-28
458,83
459,-36
460,8
461,-9
462,53
463,87
464,38
465,97
466,3
467,89
468,40
469,95
470,31
471,91
472,51
473,81
474,75
475,-7
476,-16
477,79
478,20
479,99
480,81
481,15
482,69
483,-30
484,10
485,50
486,77
487,14
488,18
489,43
490,69
491,12
492,24
493,89
494,14
495,93
496,43
497,38
498,82
499,24
500,-17
501,91
502,87
503,95
504,-14
505,83
506,91
507,59
508,89
509,-63
510,89
511,79
512,43
513,83
514,32
515,-5
516,81
517,-23
518,-12
519,93
520,0
521,95
522,58
523,91
524,51
525,-25
526,10
527,73
528,79
529,89
530,35
531,34
532,85
533,79
534,-12
535,91
536,55
537,52
538,85
539,81
540,83
541,9
542,50
543,72
544,-8
545,91
546,81
547,91
548,91
549,-10
550,-40
551,95
552,81
553,3
554,99
555,95
556,83
557,70
558,-13
559,79
560,49
561,20
562,15
563,94
564,97
565,30
566,6
567,87
568,34
569,49
570,83
571,-60
572,-23
573,93
574,-21
575,83
576,16
577,83
578,20
579,91
580,66
581,93
582,-59
583,83
584,-52
585,73
586,-22
587,-34
588,81
589,83
590,83
591,-25
592,-30
593,43
594,-27
595,-42
596,95
597,85
598,80
599,-62
600,-4
601,77
602,59
603,-62
604,91
605,29
606,-14
607,97
608,10
609,93
610,35
611,93
612,79
613,85
614,-6
615,-17
616,13
617,35
618,88
619,87
620,27
621,75
622,34
623,-55
624,70
625,87
626,81
627,81
628,46
629,89
630,-30
631,29
632,87
633,74
634,77
635,79
636,89
637,-5
638,5
639,97
640,93
641,4
642,87
643,75
644,-4
645,-22
646,79
647,85
648,89
649,8
650,87
651,7
652,9
653,93
654,81
655,43
656,-46
657,47
658,-58
659,81
660,-6
661,85
662,27
663,79
664,43
665,63
666,10
667,-5
668,14
669,-7
670,103
671,93
672,96
673,55
674,91
675,87
676,87
677,-65
678,13
679,95
680,-52
681,-16
682,98
683,85
684,62
685,87
686,79
687,18
688,85
689,89
690,80
691,93
692,66
693,24
694,91
695,77
696,-21
697,85
698,44
699,83
700,81
701,-25
702,91
703,79
704,69
705,93
706,-59
707,-38
708,91
709,77
710,-4
711,28
712,77
713,-15
714,79
715,87
716,77
717,34
718,-79
719,-10
720,95
721,91
722,26
723,18
724,83
725,75
726,77
727,75
728,83
729,-7
730,-12
731,25
732,81
733,41
734,7
735,0
736,79
737,38
738,91
739,-53
740,-41
741,-9
742,-53
743,-1
744,-27
745,91
746,87
747,91
748,87
749,70
750,93
751,81
752,89
753,81
754,83
755,81
756,45
757,87
758,51
759,83
760,56
761,85
762,1
763,-20
764,83
765,91
766,41
767,87
768,83
769,81
770,102
771,-57
772,32
773,85
774,87
775,-53
776,89
777,83
778,61
779,91
780,91
781,51
782,93
783,81
784,-72
785,89
786,73
787,91
788,89
789,10
790,91
791,81
792,73
793,41
794,81
795,91
796,83
797,38
798,89
799,16
800,-26
801,-56
802,85
803,91
804,23
805,83
806,85
807,13
808,83
809,42
810,83
811,83
812,-35
813,0
814,79
815,67
816,79
817,70
818,41
819,10
820,12
821,43
822,-5
823,26
824,-66
825,81
826,89
827,43
828,89
829,-13
830,95
831,89
832,83
833,77
834,44
835,83
836,87
837,83
838,-61
839,93
840,101
841,46
842,91
843,79
844,85
845,83
846,75
847,25
848,79
849,91
850,45
851,79
852,71
853,79
854,79
855,87
856,85
857,-29
858,83
859,83
860,97
861,91
862,40
863,29
864,93
865,18
866,83
867,55
868,93
869,87
870,87
871,56
872,23
873,83
874,81
875,17
876,83
877,81
878,85
879,17
880,85
881,79
882,-28
883,83
884,85
885,-17
886,85
887,77
888,79
889,72
890,93
891,85
892,35
893,91
894,81
895,28
896,81
897,85
898,-42
899,57
900,89
901,89
902,7
903,87
904,-9
905,-7
906,87
907,1
908,-11
909,87
910,87
911,-19
912,-28
913,5
914,89
915,-48
916,1
917,89
918,85
919,-21
920,77
921,85
922,85
923,63
924,81
925,87
926,89
927,83
928,-23
929,87
930,85
931,79
932,-11
933,25
934,28
935,-31
936,16
937,-16
938,83
939,-42
940,93
941,101
942,-28
943,66
944,83
945,85
946,-31
947,89
948,2
949,95
950,96
951,95
952,82
953,42
954,-47
955,88
956,-4
957,77
958,77
959,75
960,-76
961,93
962,-11
963,79
964,91
965,83
966,85
967,89
968,75
969,0
970,69
971,81
972,85
973,28
974,85
975,95
976,-2
977,81
978,85
979,89
980,-27
981,22
982,68
983,85
984,9
985,13
986,60
987,87
988,81
989,81
990,81
991,85
992,99
993,83
994,81
995,77
996,-12
997,81
998,95
999,22
1000,71
1001,63
1002,39
1003,85
1004,-16
1005,93
1006,79
1007,93
1008,77
1009,95
1010,-34
1011,-48
1012,85
1013,83
1014,-22
1015,9
1016,85
1017,85
1018,85
1019,-14
1020,83
1021,89
1022,87
1023,81
1024,-44
1025,79
1026,85
1027,89
1028,89
1029,-9
1030,5
1031,75
1032,2
1033,89
1034,81
1035,93
1036,-29
1037,83
1038,83
1039,83
1040,91
1041,87
1042,-52
1043,81
1044,87
1045,91
1046,79
1047,83
1048,89
1049,87
1050,91
1051,-33
1052,81
1053,83
1054,77
1055,87
1056,46
1057,-27
1058,46
1059,95
1060,55
1061,27
1062,81
1063,97
1064,81
1065,81
1066,79
1067,83
1068,89
1069,79
1070,-14
1071,91
1072,89
1073,83
1074,75
1075,83
1076,77
1077,103
1078,87
1079,87
1080,81
1081,49
1082,75
1083,87
1084,61
1085,79
1086,-46
1087,81
1088,-88
1089,79
1090,87
1091,33
1092,79
1093,11
1094,85
1095,93
1096,-4
1097,-10
1098,93
1099,56
1100,53
1101,77
1102,89
1103,91
1104,87
1105,85
1106,83
1107,79
1108,83
1109,12
1110,79
1111,83
1112,-5
1113,87
1114,85
1115,87
1116,91
1117,79
1118,79
1119,77
1120,6
1121,81
1122,87
1123,-62
1124,11
1125,79
1126,97
1127,101
1128,83
1129,-42
1130,-51
1131,-20
1132,83
1133,91
1134,-47
1135,85
1136,87
1137,87
1138,85
1139,81
1140,87
1141,77
1142,57
1143,79
1144,13
1145,91
1146,87
1147,89
1148,95
1149,89
1150,-1
1151,85
1152,85
1153,91
1154,77
1155,83
1156,93
1157,85
1158,68
1159,83
1160,25
1161,20
1162,83
1163,81
1164,-4
1165,91
1166,10
1167,-40
1168,91
1169,-8
1170,91
1171,37
1172,87
1173,85
1174,85
1175,101
1176,87
1177,83
1178,87
1179,93
1180,-14
1181,34
1182,87
1183,85
1184,89
1185,-30
1186,81
1187,85
1188,79
1189,89
1190,87
1191,81
1192,83
1193,87
1194,91
1195,73
1196,79
1197,99
1198,85
1199,87
1200,83
1201,87
1202,63
1203,87
1204,91
1205,79
1206,87
1207,-54
1208,69
1209,85
1210,97
1211,81
1212,107
1213,83
1214,-66
1215,89
1216,91
1217,91
1218,16
1219,89
1220,83
1221,99
1222,-62
1223,-35
1224,89
1225,93
1226,16
1227,34
1228,35
1229,91
1230,89
1231,-52
1232,91
1233,61
1234,87
1235,77
1236,10
1237,85
1238,-43
1239,-39
1240,87
1241,91
1242,-27
1243,79
1244,50
1245,95
1246,-15
1247,89
1248,95
1249,91
1250,89
1251,71
1252,85
1253,83
1254,89
1255,75
1256,105
1257,-11
1258,93
1259,89
1260,77
1261,79
1262,99
1263,91
1264,81
1265,-1
1266,20
1267,97
1268,31
1269,101
1270,87
1271,83
1272,79
1273,54
1274,77
1275,95
1276,89
1277,83
1278,87
1279,93
1280,87
1281,73
1282,-17
1283,89
1284,-16
1285,77
1286,77
1287,4
1288,93
1289,85
1290,87
1291,81
1292,83
1293,87
1294,-71
1295,89
1296,83
1297,81
1298,91
1299,-26
1300,79
1301,81
1302,85
1303,31
1304,79
1305,81
1306,81
1307,77
1308,87
1309,85
1310,89
1311,81
1312,87
1313,75
1314,89
1315,99
1316,87
1317,2
1318,83
1319,81
1320,-4
1321,87
1322,69
1323,73
1324,85
1325,83
1326,99
1327,83
1328,85
1329,81
1330,11
1331,39
1332,98
1333,75
1334,-6
1335,83
1336,-36
1337,89
1338,87
1339,24
1340,97
1341,81
1342,3
1343,101
1344,75
1345,75
1346,83
1347,83
1348,89
1349,89
1350,89
1351,41
1352,-23
1353,91
1354,81
1355,62
1356,87
1357,81
1358,85
1359,79
1360,79
1361,91
1362,95
1363,79
1364,87
1365,91
1366,99
1367,14
1368,1
1369,0
1370,78
1371,77
1372,81
1373,4
1374,99
1375,81
1376,77
1377,-10
1378,93
1379,93
1380,-69
1381,95
1382,89
1383,91
1384,75
1385,81
1386,81
1387,27
1388,93
1389,21
1390,79
1391,83
1392,79
1393,91
1394,85
1395,81
1396,77
1397,87
1398,-54
1399,89
1400,39
1401,-37
1402,85
1403,85
1404,11
1405,87
1406,88
1407,89
1408,3
1409,54
1410,89
1411,89
1412,77
1413,2
1414,93
1415,1
1416,19
1417,79
1418,95
1419,87
1420,71
1421,85
1422,-36
1423,87
1424,91
1425,77
1426,83
1427,38
1428,91
1429,89
1430,95
1431,83
1432,75
1433,-40
1434,77
1435,87
1436,93
1437,-31
1438,-12
1439,95
1440,87
1441,83
1442,95
1443,87
1444,95
1445,89
1446,52
1447,87
1448,38
1449,89
1450,-40
1451,63
1452,99
1453,95
1454,83
1455,95
1456,103
1457,101
1458,77
1459,85
1460,89
1461,93
1462,93
1463,83
1464,89
1465,1
1466,85
1467,87
1468,83
1469,95
1470,79
1471,-40
1472,101
1473,7
1474,79
1475,75
1476,77
1477,89
1478,95
1479,79
1480,67
1481,79
1482,79
1483,79
1484,91
1485,-82
1486,83
1487,89
1488,95
1489,-78
1490,0
1491,85
1492,89
1493,-29
1494,7
1495,79
1496,81
1497,85
1498,103
1499,99
1500,79
1501,77
1502,85
1503,87
1504,31
1505,91
1506,9
1507,85
1508,79
1509,93
1510,91
1511,-45
1512,99
1513,87
1514,85
1515,15
1516,77
1517,103
1518,85
1519,87
1520,99
1521,37
1522,93
1523,81
1524,87
1525,99
1526,93
1527,95
1528,83
1529,83
1530,32
1531,-18
1532,91
1533,81
1534,91
1535,81
1536,-52
1537,79
1538,-40
1539,91
1540,40
1541,-75
1542,89
1543,-8
1544,99
1545,77
1546,-31
1547,89
1548,83
1549,89
1550,87
1551,87
1552,91
1553,81
1554,89
1555,5
1556,61
1557,79
1558,77
1559,79
1560,83
1561,87
1562,85
1563,93
1564,16
1565,91
1566,91
1567,-57
1568,-56
1569,81
1570,-19
1571,17
1572,91
1573,27
1574,81
1575,83
1576,73
1577,73
1578,97
1579,40
1580,77
1581,81
1582,79
1583,6
1584,89
1585,93
1586,85
1587,91
1588,-54
1589,87
1590,91
1591,83
1592,99
1593,77
1594,89
1595,91
1596,83
1597,81
1598,79
1599,79
1600,79
1601,85
1602,97
1603,95
1604,87
1605,81
1606,77
1607,60
1608,83
1609,87
1610,89
1611,101
1612,77
1613,85
1614,83
1615,85
1616,99
1617,22
1618,93
1619,83
1620,81
1621,89
1622,89
1623,85
1624,97
1625,81
1626,-24
1627,83
1628,91
1629,81
1630,87
1631,81
1632,93
1633,99
1634,81
1635,91
1636,101
1637,17
1638,97
1639,77
1640,79
1641,87
1642,26
1643,89
1644,-5
1645,105
1646,81
1647,47
1648,85
1649,81
1650,-35
1651,81
1652,75
1653,85
1654,46
1655,99
1656,87
1657,83
1658,101
1659,99
1660,85
1661,45
1662,83
1663,95
1664,77
1665,105
1666,77
1667,81
1668,89
1669,87
1670,87
1671,93
1672,79
1673,81
1674,91
1675,79
1676,85
1677,77
1678,85
1679,83
1680,81
1681,83
1682,93
1683,87
1684,87
1685,89
1686,79
1687,83
1688,91
1689,-69
1690,83
1691,-7
1692,54
1693,81
1694,91
1695,89
1696,59
1697,87
1698,4
1699,91
1700,87
1701,79
1702,79
1703,81
1704,85
1705,93
1706,59
1707,97
1708,71
1709,93
1710,77
1711,85
1712,72
1713,83
1714,79
1715,85
1716,49
1717,81
1718,87
1719,81
1720,15
1721,-68
1722,-47
1723,79
1724,85
1725,4
1726,85
1727,-62
1728,81
1729,87
1730,93
1731,99
1732,71
1733,77
1734,91
1735,85
1736,87
1737,81
1738,-30
1739,75
1740,99
1741,91
1742,87
1743,85
1744,91
1745,89
1746,33
1747,85
1748,-6
1749,87
1750,95
1751,93
1752,89
1753,89
1754,79
1755,89
1756,85
1757,15
1758,81
1759,81
1760,81
1761,-2
1762,87
1763,85
1764,97
1765,81
1766,91
1767,78
1768,93
1769,85
1770,75
1771,75
1772,37
1773,44
1774,79
1775,83
1776,97
1777,87
1778,85
1779,93
1780,81
1781,77
1782,23
1783,39
1784,77
1785,81
1786,91
1787,83
1788,-35
1789,77
1790,83
1791,-5
1792,91
1793,75
1794,0
1795,83
1796,83
1797,93
1798,83
1799,21
1800,91
1801,87
1802,91
1803,79
1804,81
1805,85
1806,77
1807,91
1808,89
1809,75
1810,91
1811,-37
1812,77
1813,79
1814,95
1815,87
1816,-12
1817,19
1818,47
1819,82
1820,81
1821,79
1822,89
1823,87
1824,85
1825,89
1826,-48
1827,87
1828,85
1829,85
1830,83
1831,77
1832,75
1833,89
1834,97
1835,87
1836,91
1837,21
1838,8
1839,75
1840,87
1841,87
1842,55
1843,93
1844,83
1845,87
1846,87
1847,-66
1848,81
1849,83
1850,81
1851,95
1852,83
1853,91
1854,87
1855,75
1856,81
1857,-68
1858,89
1859,83
1860,77
1861,89
1862,81
1863,-80
1864,85
1865,-1
1866,87
1867,-34
1868,13
1869,81
1870,87
1871,79
1872,-79
1873,-4
1874,79
1875,83
1876,81
1877,83
1878,69
1879,-17
1880,38
1881,77
1882,91
1883,83
1884,89
1885,83
1886,87
1887,87
1888,87
1889,85
1890,91
1891,83
1892,83
1893,26
1894,91
1895,105
1896,85
1897,85
1898,24
1899,87
1900,89
1901,97
1902,83
1903,91
1904,85
1905,85
1906,-27
1907,89
1908,-38
1909,75
1910,79
1911,99
1912,89
1913,87
1914,89
1915,75
1916,83
1917,91
1918,104
1919,81
1920,36
1921,-26
1922,77
1923,79
1924,87
1925,79
1926,89
1927,79
1928,85
1929,87
1930,79
1931,79
1932,93
1933,73
1934,83
1935,89
1936,87
1937,85
1938,85
1939,91
1940,93
1941,-41
1942,83
1943,95
1944,79
1945,75
1946,83
1947,85
1948,79
1949,89
1950,93
1951,83
1952,13
1953,87
1954,85
1955,95
1956,77
1957,98
1958,103
1959,49
1960,93
1961,87
1962,75
1963,85
1964,87
1965,91
1966,83
1967,-20
1968,79
1969,81
1970,75
1971,24
1972,85
1973,79
1974,87
1975,77
1976,76
1977,77
1978,85
1979,87
1980,97
1981,89
1982,91
1983,85
1984,83
1985,83
1986,83
1987,83
1988,87
1989,33
1990,83
1991,87
1992,85
1993,81
1994,91
1995,91
1996,83
1997,93
1998,6
1999,87
2000,93
2001,83
2002,85
2003,95
2004,81
2005,81
2006,83
2007,89
2008,85
2009,83
2010,97
2011,87
2012,81
2013,87
2014,107
2015,89
2016,-28
2017,81
2018,83
2019,99
2020,95
2021,83
2022,75
2023,79
2024,91
2025,89
2026,28
2027,93
2028,-7
2029,81
2030,-57
2031,29
2032,89
2033,93
2034,86
2035,97
2036,81
2037,91
2038,103
2039,85
2040,-51
2041,85
2042,93
2043,79
2044,83
2045,79
2046,79
2047,79
2048,95
2049,87
2050,83
2051,87
2052,75
2053,103
2054,83
2055,79
2056,-72
2057,85
2058,91
2059,77
2060,71
2061,81
2062,79
2063,105
2064,91
2065,101
2066,85
2067,14
2068,93
2069,103
2070,89
2071,97
2072,97
2073,87
2074,85
2075,87
2076,83
2077,93
2078,75
2079,83
2080,91
2081,-2
2082,-28
2083,89
2084,97
2085,77
2086,83
2087,83
2088,105
2089,99
2090,91
2091,93
2092,93
2093,89
2094,85
2095,75
2096,95
2097,91
2098,99
2099,-51
2100,48
2101,83
2102,83
2103,91
2104,79
2105,77
2106,83
2107,85
2108,93
2109,81
2110,77
2111,93
2112,77
2113,89
2114,87
2115,81
2116,89
2117,89
2118,93
2119,93
2120,79
2121,95
2122,93
2123,87
2124,85
2125,95
2126,79
2127,89
2128,81
2129,87
2130,93
2131,95
2132,79
2133,79
2134,87
2135,83
2136,87
2137,83
2138,-4
2139,81
2140,97
2141,87
2142,81
2143,97
2144,97
2145,89
2146,89
2147,87
2148,83
2149,85
2150,99
2151,79
2152,109
2153,91
2154,83
2155,79
2156,81
2157,81
2158,83
2159,-69
2160,91
2161,81
2162,77
2163,93
2164,81
2165,83
2166,83
2167,81
2168,89
2169,31
2170,89
2171,87
2172,85
2173,81
2174,77
2175,79
2176,93
2177,89
2178,75
2179,81
2180,93
2181,87
2182,91
2183,95
2184,95
2185,83
2186,79
2187,97
2188,85
2189,89
2190,81
2191,91
2192,77
2193,79
2194,77
2195,79
2196,79
2197,87
2198,41
2199,83
2200,85
2201,79
2202,81
2203,95
2204,3
2205,79
2206,85
2207,83
2208,87
2209,89
2210,87
2211,93
2212,65
2213,93
2214,85
2215,93
2216,33
2217,83
2218,101
2219,85
2220,81
2221,101
2222,77
2223,85
2224,83
2225,81
2226,79
2227,79
2228,93
2229,79
2230,105
2231,91
2232,79
2233,89
2234,85
2235,75
2236,83
2237,85
2238,91
2239,79
2240,87
2241,83
2242,89
2243,91
2244,101
2245,-26
2246,85
2247,85
2248,87
2249,89
2250,-25
2251,6
2252,83
2253,89
2254,95
2255,81
2256,85
2257,79
2258,89
2259,87
2260,81
2261,97
2262,83
2263,77
2264,93
2265,87
2266,79
2267,87
2268,93
2269,93
2270,0
2271,89
2272,69
2273,85
2274,85
2275,91
2276,87
2277,83
2278,91
2279,83
2280,97
2281,-78
2282,85
2283,73
2284,107
2285,87
2286,91
2287,85
2288,89
2289,77
2290,81
2291,87
2292,83
2293,83
2294,89
2295,-34
2296,99
2297,81
2298,87
2299,79
2300,79
2301,89
2302,91
2303,77
2304,91
2305,91
2306,95
2307,109
2308,85
2309,91
2310,81
2311,73
2312,97
2313,39
2314,85
2315,69
2316,-47
2317,91
2318,85
2319,83
2320,79
2321,93
2322,81
2323,89
2324,79
2325,81
2326,89
2327,95
2328,111
2329,83
2330,85
2331,89
2332,22
2333,85
2334,95
2335,93
2336,83
2337,97
2338,75
2339,62
2340,83
2341,91
2342,89
2343,85
2344,91
2345,87
2346,93
2347,97
2348,101
2349,79
2350,-53
2351,79
2352,85
2353,91
2354,97
2355,89
2356,79
2357,83
2358,93
2359,87
2360,35
2361,79
2362,87
2363,85
2364,77
2365,91
2366,83
2367,-30
2368,83
2369,93
2370,85
2371,81
2372,85
2373,79
2374,81
2375,57
2376,83
2377,85
2378,89
2379,85
2380,-13
2381,89
2382,85
2383,79
2384,93
2385,89
2386,85
2387,85
2388,4
2389,83
2390,97
2391,79
2392,87
2393,93
2394,83
2395,85
2396,89
2397,91
2398,85
2399,95
2400,83
2401,89
2402,93
2403,73
2404,87
2405,85
2406,89
2407,81
2408,81
2409,107
2410,93
2411,89
2412,91
2413,79
2414,75
2415,87
2416,83
2417,73
2418,87
2419,93
2420,83
2421,89
2422,3
2423,-18
2424,95
2425,83
2426,85
2427,77
2428,81
2429,83
2430,93
2431,81
2432,87
2433,87
2434,93
2435,89
2436,83
2437,83
2438,89
2439,97
2440,79
2441,93
2442,83
2443,89
2444,89
2445,89
2446,89
2447,89
2448,79
2449,81
2450,79
2451,83
2452,28
2453,91
2454,87
2455,81
2456,85
2457,73
2458,95
2459,81
2460,93
2461,75
2462,93
2463,73
2464,87
2465,77
2466,85
2467,83
2468,47
2469,89
2470,93
2471,81
2472,83
2473,89
2474,77
2475,101
2476,89
2477,79
2478,85
2479,77
2480,37
2481,83
2482,93
2483,77
2484,102
2485,12
2486,21
2487,0
2488,101
2489,85
2490,85
2491,87
2492,81
2493,83
2494,85
2495,89
2496,93
2497,81
2498,85
2499,83
2500,73
2501,85
2502,85
2503,79
2504,95
2505,93
2506,77
2507,89
2508,75
2509,79
2510,89
2511,91
2512,93
2513,79
2514,83
2515,91
2516,83
2517,73
2518,77
2519,87
2520,87
2521,85
2522,93
2523,85
2524,79
2525,89
2526,97
2527,83
2528,89
2529,85
2530,89
2531,91
2532,91
2533,75
2534,83
2535,99
2536,95
2537,79
2538,79
2539,87
2540,93
2541,91
2542,83
2543,85
2544,87
2545,91
2546,77
2547,91
2548,-25
2549,93
2550,93
2551,87
2552,85
2553,85
2554,87
2555,87
2556,83
2557,81
2558,91
2559,83
2560,85
2561,85
2562,83
2563,81
2564,79
2565,85
2566,89
2567,93
2568,83
2569,83
2570,91
2571,77
2572,87
2573,97
2574,79
2575,87
2576,83
2577,85
2578,85
2579,85
2580,85
2581,89
2582,91
2583,83
2584,79
2585,87
2586,93
2587,87
2588,101
2589,79
2590,75
2591,77
2592,95
2593,89
2594,93
2595,97
2596,81
2597,95
2598,85
2599,73
2600,95
2601,79
2602,89
2603,81
2604,93
2605,85
2606,79
2607,85
2608,97
2609,89
2610,87
2611,83
2612,93
2613,-8
2614,79
2615,85
2616,99
2617,93
2618,93
2619,83
2620,79
2621,85
2622,83
2623,83
2624,83
2625,79
2626,79
2627,95
2628,75
2629,-46
2630,101
2631,73
2632,85
2633,87
2634,74
2635,83
2636,93
2637,95
2638,91
2639,91
2640,83
2641,81
2642,81
2643,81
2644,83
2645,77
2646,85
2647,67
2648,83
2649,95
2650,93
2651,73
2652,83
2653,101
2654,79
2655,93
2656,95
2657,83
2658,85
2659,91
2660,91
2661,83
2662,91
2663,91
2664,87
2665,81
2666,83
2667,95
2668,81
2669,83
2670,95
2671,79
2672,83
2673,77
2674,81
2675,83
2676,91
2677,22
2678,85
2679,85
2680,101
2681,79
2682,91
2683,87
2684,83
2685,89
2686,75
2687,77
2688,87
2689,83
2690,-10
2691,87
2692,77
2693,4
2694,95
2695,87
2696,93
2697,81
2698,99
2699,83
2700,91
2701,85
2702,89
2703,87
2704,87
2705,93
2706,89
2707,99
2708,85
2709,77
2710,81
2711,83
2712,87
2713,95
2714,91
2715,81
2716,89
2717,-51
2718,83
2719,89
2720,83
2721,75
2722,87
2723,93
2724,81
2725,79
2726,79
2727,91
2728,81
2729,83
2730,99
2731,87
2732,85
2733,97
2734,75
2735,85
2736,79
2737,85
2738,93
2739,91
2740,85
2741,87
2742,81
2743,75
2744,91
2745,81
2746,85
2747,85
2748,95
2749,11
2750,103
2751,81
2752,89
2753,85
2754,91
2755,73
2756,89
2757,91
2758,85
2759,83
2760,95
2761,87
2762,89
2763,79
2764,99
2765,83
2766,83
2767,87
2768,70
2769,95
2770,85
2771,79
2772,85
2773,75
2774,81
2775,85
2776,99
2777,85
2778,101
2779,75
2780,87
2781,93
2782,85
2783,97
2784,83
2785,89
2786,81
2787,83
2788,91
2789,83
2790,83
2791,95
2792,81
2793,95
2794,87
2795,85
2796,107
2797,79
2798,89
2799,83
2800,85
2801,91
2802,79
2803,89
2804,85
2805,89
2806,79
2807,99
2808,89
2809,20
2810,97
2811,95
2812,77
2813,87
2814,89
2815,95
2816,93
2817,93
2818,79
2819,87
2820,85
2821,85
2822,81
2823,93
2824,85
2825,99
2826,-22
2827,85
2828,85
2829,85
2830,81
2831,89
2832,91
2833,83
2834,87
2835,93
2836,91
2837,85
2838,81
2839,34
2840,85
2841,87
2842,85
2843,91
2844,85
2845,91
2846,81
2847,99
2848,93
2849,77
2850,83
2851,79
2852,72
2853,83
2854,93
2855,91
2856,83
2857,79
2858,22
2859,89
2860,77
2861,97
2862,79
2863,91
2864,81
2865,81
2866,77
2867,93
2868,83
2869,85
2870,89
2871,83
2872,97
2873,89
2874,79
2875,85
2876,85
2877,70
2878,77
2879,97
2880,87
2881,77
2882,77
2883,85
2884,95
2885,81
2886,77
2887,89
2888,83
2889,85
2890,89
2891,89
2892,75
2893,73
2894,89
2895,79
2896,87
2897,87
2898,81
2899,87
2900,77
2901,95
2902,83
2903,81
2904,95
2905,85
2906,89
2907,87
2908,77
2909,83
2910,87
2911,87
2912,75
2913,87
2914,85
2915,79
2916,81
2917,91
2918,105
2919,83
2920,83
2921,81
2922,85
2923,89
2924,91
2925,87
2926,89
2927,95
2928,91
2929,91
2930,77
2931,85
2932,79
2933,77
2934,91
2935,83
2936,81
2937,91
2938,83
2939,85
2940,91
2941,89
2942,81
2943,83
2944,81
2945,81
2946,93
2947,81
2948,97
2949,79
2950,81
2951,85
2952,87
2953,83
2954,81
2955,83
2956,95
2957,83
2958,93
2959,91
2960,91
2961,53
2962,87
2963,81
2964,87
2965,81
2966,97
2967,93
2968,77
2969,81
2970,85
2971,-47
2972,87
2973,95
2974,81
2975,93
2976,81
2977,85
2978,91
2979,77
2980,21
2981,89
2982,41
2983,-3
2984,83
2985,75
2986,85
2987,-9
2988,89
2989,77
2990,79
2991,93
2992,75
2993,85
2994,89
2995,89
2996,85
2997,87
2998,79
2999,87
3000,91
3001,79
3002,105
3003,89
3004,87
3005,21
3006,81
3007,97
3008,83
3009,91
3010,85
3011,77
3012,81
3013,77
3014,89
3015,95
3016,93
3017,87
3018,95
3019,97
3020,18
3021,103
3022,105
3023,87
3024,93
3025,85
3026,83
3027,11
3028,81
3029,91
3030,91
3031,81
3032,50
3033,83
3034,97
3035,85
3036,91
3037,89
3038,85
3039,81
3040,87
3041,95
3042,83
3043,87
3044,89
3045,87
3046,18
3047,97
3048,99
3049,83
3050,79
3051,87
3052,91
3053,93
3054,95
3055,93
3056,95
3057,85
3058,65
3059,85
3060,91
3061,91
3062,85
3063,95
3064,81
3065,93
3066,89
3067,89
3068,85
3069,83
3070,83
3071,75
3072,79
3073,91
3074,89
3075,83
3076,95
3077,87
3078,83
3079,87
3080,77
3081,79
3082,87
3083,89
3084,93
3085,-42
3086,93
3087,87
3088,89
3089,83
3090,87
3091,95
3092,85
3093,89
3094,81
3095,85
3096,99
3097,99
3098,87
3099,73
3100,97
3101,89
3102,83
3103,89
3104,75
3105,85
3106,91
3107,75
3108,89
3109,83
3110,81
3111,83
3112,81
3113,95
3114,89
3115,79
3116,83
3117,83
3118,85
3119,89
3120,83
3121,89
3122,79
3123,93
3124,79
3125,93
3126,85
3127,81
3128,83
3129,87
3130,91
3131,85
3132,77
3133,83
3134,97
3135,89
3136,81
3137,89
3138,89
3139,89
3140,85
3141,81
3142,77
3143,91
3144,85
3145,79
3146,83
3147,85
3148,83
3149,97
3150,91
3151,83
3152,93
3153,95
3154,85
3155,95
3156,-41
3157,93
3158,93
3159,83
3160,89
3161,85
3162,95
3163,99
3164,83
3165,81
3166,93
3167,75
3168,81
3169,87
3170,87
3171,89
3172,85
3173,89
3174,87
3175,85
3176,87
3177,91
3178,83
3179,81
3180,85
3181,91
3182,85
3183,89
3184,85
3185,81
3186,79
3187,89
3188,85
3189,99
3190,79
3191,85
3192,89
3193,87
3194,75
3195,81
3196,83
3197,89
3198,75
3199,75
3200,89
3201,99
3202,79
3203,93
3204,85
3205,95
3206,81
3207,91
3208,97
3209,91
3210,93
3211,83
3212,81
3213,87
3214,81
3215,87
3216,93
3217,91
3218,81
3219,85
3220,81
3221,89
3222,105
3223,91
3224,91
3225,97
3226,85
3227,85
3228,81
3229,73
3230,6
3231,89
3232,79
3233,85
3234,91
3235,87
3236,79
3237,-72
3238,81
3239,85
3240,77
3241,97
3242,81
3243,91
3244,93
3245,87
3246,83
3247,93
3248,85
3249,79
3250,77
3251,87
3252,81
3253,91
3254,-7
3255,85
3256,85
3257,79
3258,85
3259,58
3260,81
3261,81
3262,99
3263,89
3264,91
3265,105
3266,81
3267,95
3268,72
3269,81
3270,77
3271,93
3272,93
3273,97
3274,85
3275,79
3276,61
3277,81
3278,95
3279,91
3280,87
3281,79
3282,77
3283,81
3284,83
3285,93
3286,93
3287,95
3288,97
3289,85
3290,9
3291,87
3292,81
3293,91
3294,91
3295,97
3296,89
3297,81
3298,81
3299,89
3300,89
3301,9
3302,81
3303,73
3304,89
3305,87
3306,93
3307,91
3308,91
3309,91
3310,87
3311,95
3312,79
3313,85
3314,93
3315,93
3316,85
3317,89
3318,83
3319,95
3320,83
3321,77
3322,91
3323,75
3324,89
3325,93
3326,89
3327,87
3328,81
3329,87
3330,87
3331,83
3332,87
3333,89
3334,93
3335,79
3336,75
3337,91
3338,89
3339,81
3340,97
3341,91
3342,81
3343,83
3344,89
3345,83
3346,89
3347,93
3348,87
3349,75
3350,105
3351,73
3352,83
3353,85
3354,77
3355,99
3356,85
3357,79
3358,87
3359,75
3360,93
3361,75
3362,97
3363,91
3364,83
3365,85
3366,79
3367,83
3368,89
3369,83
3370,89
3371,99
3372,103
3373,23
3374,79
3375,81
3376,91
3377,89
3378,75
3379,83
3380,69
3381,91
3382,89
3383,85
3384,87
3385,-62
3386,77
3387,71
3388,91
3389,93
3390,75
3391,89
3392,91
3393,81
3394,87
3395,77
3396,83
3397,81
3398,93
3399,91
3400,91
3401,77
3402,89
3403,83
3404,79
3405,77
3406,105
3407,77
3408,79
3409,83
3410,73
3411,83
3412,77
3413,97
3414,77
3415,79
3416,85
3417,85
3418,89
3419,89
3420,81
3421,93
3422,89
3423,89
3424,81
3425,85
3426,83
3427,85
3428,89
3429,81
3430,85
3431,77
3432,87
3433,83
3434,87
3435,93
3436,85
3437,81
3438,81
3439,91
3440,101
3441,89
3442,95
3443,77
3444,85
3445,40
3446,83
3447,95
3448,75
3449,87
3450,91
3451,81
3452,91
3453,79
3454,85
3455,95
3456,-74
3457,89
3458,0
3459,83
3460,79
3461,81
3462,85
3463,79
3464,81
3465,85
3466,83
3467,87
3468,81
3469,79
3470,95
3471,-8
3472,83
3473,79
3474,85
3475,85
3476,-65
3477,83
3478,87
3479,95
3480,91
3481,85
3482,-39
3483,83
3484,83
3485,73
3486,81
3487,93
3488,85
3489,85
3490,89
3491,81
3492,77
3493,79
3494,91
3495,89
3496,97
3497,89
3498,87
3499,79
3500,91
3501,97
3502,79
3503,91
3504,85
3505,79
3506,95
3507,85
3508,77
3509,79
3510,93
3511,93
3512,85
3513,91
3514,87
3515,87
3516,95
3517,83
3518,99
3519,83
3520,85
3521,99
3522,83
3523,95
3524,95
3525,85
3526,85
3527,79
3528,83
3529,87
3530,75
3531,81
3532,79
3533,95
3534,87
3535,81
3536,77
3537,93
3538,85
3539,93
3540,75
3541,101
3542,81
3543,84
3544,104
3545,11
3546,1
3547,0
3548,77
3549,83
3550,101
3551,89
3552,93
3553,97
3554,91
3555,79
3556,71
3557,79
3558,73
3559,95
3560,79
3561,87
3562,77
3563,97
3564,95
3565,81
3566,81
3567,77
3568,75
3569,95
3570,87
3571,87
3572,85
3573,83
3574,89
3575,89
3576,91
3577,89
3578,89
3579,85
3580,91
3581,85
3582,91
3583,85
3584,91
3585,83
3586,89
3587,93
3588,83
3589,87
3590,75
3591,89
3592,81
3593,71
3594,83
3595,89
3596,81
3597,89
3598,79
3599,81
3600,79
3601,101
3602,89
3603,87
3604,93
3605,83
3606,91
3607,83
3608,99
3609,81
3610,79
3611,89
3612,83
3613,97
3614,91
3615,91
3616,81
3617,87
3618,75
3619,83
3620,95
3621,11
3622,83
3623,83
3624,79
3625,91
3626,81
3627,99
3628,87
3629,89
3630,91
3631,83
3632,91
3633,93
3634,87
3635,89
3636,85
3637,91
3638,97
3639,97
3640,89
3641,103
3642,81
3643,85
3644,79
3645,79
3646,79
3647,101
3648,89
3649,81
3650,87
3651,91
3652,85
3653,85
3654,91
3655,89
3656,85
3657,83
3658,87
3659,81
3660,93
3661,85
3662,79
3663,87
3664,87
3665,85
3666,85
3667,81
3668,89
3669,79
3670,73
3671,79
3672,81
3673,81
3674,89
3675,87
3676,87
3677,85
3678,83
3679,89
3680,83
3681,99
3682,97
3683,85
3684,87
3685,99
3686,91
3687,83
3688,77
3689,87
3690,77
3691,93
3692,79
3693,81
3694,85
3695,93
3696,77
3697,83
3698,87
3699,73
3700,93
3701,15
3702,93
3703,75
3704,89
3705,81
3706,85
3707,-16
3708,97
3709,73
3710,93
3711,75
3712,93
3713,93
3714,83
3715,77
3716,77
3717,91
3718,79
3719,85
3720,87
3721,87
3722,87
3723,87
3724,93
3725,93
3726,83
3727,87
3728,79
3729,81
3730,71
3731,-1
3732,95
3733,87
3734,79
3735,91
3736,93
3737,89
3738,85
3739,95
3740,89
3741,83
3742,83
3743,87
3744,87
3745,95
3746,83
3747,87
3748,97
3749,97
3750,75
3751,85
3752,89
3753,87
3754,95
3755,85
3756,85
3757,93
3758,81
3759,95
3760,87
3761,85
3762,87
3763,83
3764,93
3765,85
3766,93
3767,89
3768,87
3769,91
3770,87
3771,89
3772,85
3773,77
3774,57
3775,75
3776,89
3777,81
3778,87
3779,85
3780,77
3781,79
3782,93
3783,87
3784,79
3785,93
3786,93
3787,83
3788,95
3789,89
3790,81
3791,85
3792,77
3793,89
3794,91
3795,79
3796,93
3797,79
3798,95
3799,95
3800,97
3801,87
3802,83
3803,89
3804,75
3805,105
3806,93
3807,-48
3808,93
3809,95
3810,83
3811,83
3812,83
3813,91
3814,85
3815,91
3816,81
3817,87
3818,91
3819,99
3820,89
3821,91
3822,97
3823,81
3824,97
3825,83
3826,91
3827,-42
3828,85
3829,75
3830,85
3831,93
3832,87
3833,85
3834,79
3835,85
3836,75
3837,85
3838,89
3839,91
3840,87
3841,93
3842,83
3843,83
3844,101
3845,8
3846,81
3847,87
3848,91
3849,93
3850,97
3851,93
3852,91
3853,91
3854,93
3855,79
3856,83
3857,91
3858,90
3859,91
3860,83
3861,87
3862,87
3863,87
3864,91
3865,103
3866,79
3867,83
3868,85
3869,75
3870,101
3871,83
3872,79
3873,89
3874,79
3875,89
3876,87
3877,79
3878,79
3879,93
3880,85
3881,93
3882,101
3883,89
3884,93
3885,83
3886,87
3887,83
3888,95
3889,83
3890,95
3891,91
3892,83
3893,91
3894,79
3895,77
3896,85
3897,101
3898,81
3899,79
3900,81
3901,91
3902,85
3903,83
3904,81
3905,87
3906,91
3907,87
3908,85
3909,81
3910,81
3911,85
3912,83
3913,97
3914,89
3915,87
3916,87
3917,85
3918,91
3919,89
3920,95
3921,75
3922,89
3923,89
3924,93
3925,73
3926,85
3927,81
3928,89
3929,87
3930,83
3931,87
3932,87
3933,83
3934,87
3935,73
3936,77
3937,89
3938,93
3939,87
3940,95
3941,87
3942,83
3943,75
3944,75
3945,89
3946,83
3947,83
3948,81
3949,81
3950,87
3951,79
3952,85
3953,87
3954,81
3955,81
3956,81
3957,97
3958,93
3959,91
3960,91
3961,89
3962,83
3963,85
3964,87
3965,85
3966,95
3967,77
3968,89
3969,97
3970,91
3971,-1
3972,93
3973,-4
3974,87
3975,85
3976,85
3977,81
3978,87
3979,91
3980,85
3981,83
3982,91
3983,99
3984,87
3985,83
3986,91
3987,87
3988,85
3989,83
3990,99
3991,89
3992,81
3993,97
3994,83
3995,85
3996,85
3997,87
3998,83
3999,85
4000,91
4001,93
4002,81
4003,85
4004,85
4005,91
4006,99
4007,85
4008,85
4009,38
4010,85
4011,93
4012,75
4013,91
4014,97
4015,93
4016,85
4017,81
4018,89
4019,85
4020,99
4021,83
4022,89
4023,101
4024,105
4025,89
4026,81
4027,91
4028,81
4029,89
4030,93
4031,83
4032,89
4033,75
4034,59
4035,95
4036,93
4037,97
4038,85
4039,89
4040,81
4041,95
4042,89
4043,81
4044,79
4045,91
4046,87
4047,79
4048,87
4049,93
4050,85
4051,75
4052,83
4053,77
4054,85
4055,91
4056,93
4057,83
4058,97
4059,93
4060,52
4061,93
4062,75
4063,79
4064,83
4065,79
4066,97
4067,91
4068,85
4069,-34
4070,81
4071,91
4072,83
4073,89
4074,85
4075,87
4076,79
4077,81
4078,79
4079,85
4080,93
4081,91
4082,91
4083,85
4084,103
4085,81
4086,95
4087,87
4088,87
4089,87
4090,95
4091,79
4092,101
4093,77
4094,87
4095,85
4096,85
4097,85
4098,89
4099,81
4100,89
4101,81
4102,95
4103,87
4104,81
4105,93
4106,95
4107,73
4108,81
4109,79
4110,83
4111,87
4112,81
4113,59
4114,79
4115,77
4116,93
4117,44
4118,97
4119,91
4120,87
4121,79
4122,97
4123,99
4124,81
4125,85
4126,81
4127,85
4128,77
4129,93
4130,79
4131,83
4132,83
4133,77
4134,99
4135,81
4136,89
4137,87
4138,89
4139,95
4140,89
4141,87
4142,99
4143,77
4144,89
4145,89
4146,91
4147,83
4148,89
4149,83
4150,87
4151,85
4152,89
4153,83
4154,85
4155,89
4156,91
4157,89
4158,85
4159,87
4160,81
4161,85
4162,97
4163,81
4164,81
4165,87
4166,91
4167,89
4168,91
4169,79
4170,87
4171,95
4172,77
4173,103
4174,91
4175,81
4176,81
4177,83
4178,83
4179,87
4180,85
4181,87
4182,85
4183,89
4184,79
4185,79
4186,101
4187,79
4188,83
4189,89
4190,93
4191,79
4192,81
4193,79
4194,79
4195,85
4196,83
4197,85
4198,105
4199,91
4200,83
4201,89
4202,91
4203,83
4204,77
4205,85
4206,97
4207,79
4208,87
4209,83
4210,83
4211,79
4212,79
4213,89
4214,89
4215,91
4216,89
4217,93
4218,-30
4219,87
4220,93
4221,87
4222,101
4223,83
4224,85
4225,89
4226,83
4227,85
4228,95
4229,89
4230,83
4231,75
4232,87
4233,95
4234,87
4235,95
4236,81
4237,89
4238,77
4239,83
4240,83
4241,81
4242,81
4243,91
4244,83
4245,97
4246,83
4247,89
4248,77
4249,97
4250,87
4251,83
4252,93
4253,89
4254,77
4255,89
4256,93
4257,3
4258,95
4259,79
4260,81
4261,79
4262,89
4263,77
4264,79
4265,79
4266,87
4267,85
4268,83
4269,79
4270,77
4271,87
4272,79
4273,91
4274,83
4275,79
4276,85
4277,79
4278,81
4279,89
4280,89
4281,83
4282,87
4283,93
4284,91
4285,87
4286,79
4287,87
4288,89
4289,83
4290,83
4291,79
4292,87
4293,75
4294,85
4295,89
4296,83
4297,89
4298,83
4299,87
4300,85
4301,81
4302,85
4303,101
4304,85
4305,87
4306,83
4307,91
4308,79
4309,83
4310,81
4311,75
4312,87
4313,77
4314,83
4315,89
4316,99
4317,81
4318,99
4319,95
4320,89
4321,83
4322,91
4323,91
4324,83
4325,81
4326,95
4327,81
4328,87
4329,83
4330,87
4331,47
4332,77
4333,89
4334,85
4335,83
4336,93
4337,89
4338,95
4339,91
4340,73
4341,93
4342,83
4343,93
4344,85
4345,91
4346,87
4347,95
4348,-8
4349,83
4350,85
4351,85
4352,83
4353,81
4354,81
4355,79
4356,81
4357,91
4358,103
4359,83
4360,79
4361,103
4362,95
4363,87
4364,85
4365,83
4366,75
4367,85
4368,93
4369,89
4370,77
4371,79
4372,95
4373,87
4374,89
4375,79
4376,73
4377,83
4378,87
4379,85
4380,79
4381,91
4382,87
4383,83
4384,75
4385,99
4386,95
4387,93
4388,81
4389,87
4390,83
4391,87
4392,87
4393,85
4394,85
4395,73
4396,87
4397,91
4398,81
4399,85
4400,89
4401,75
4402,89
4403,105
4404,93
4405,79
4406,93
4407,81
4408,91
4409,83
4410,79
4411,71
4412,79
4413,83
4414,81
4415,95
4416,87
4417,79
4418,87
4419,83
4420,81
4421,85
4422,87
4423,77
4424,89
4425,89
4426,89
4427,87
4428,81
4429,93
4430,79
4431,79
4432,89
4433,77
4434,79
4435,83
4436,83
4437,89
4438,81
4439,79
4440,85
4441,79
4442,79
4443,87
4444,79
4445,83
4446,83
4447,77
4448,87
4449,81
4450,87
4451,93
4452,79
4453,87
4454,87
4455,85
4456,83
4457,87
4458,83
4459,77
4460,81
4461,83
4462,95
4463,87
4464,87
4465,79
4466,91
4467,77
4468,77
4469,77
4470,85
4471,103
4472,87
4473,85
4474,81
4475,69
4476,93
4477,95
4478,85
4479,85
4480,91
4481,91
4482,85
4483,83
4484,87
4485,81
4486,87
4487,83
4488,79
4489,79
4490,75
4491,93
4492,85
4493,95
4494,77
4495,83
4496,87
4497,87
4498,85
4499,93
4500,89
4501,89
4502,81
4503,81
4504,83
4505,97
4506,71
4507,85
4508,85
4509,73
4510,87
4511,85
4512,87
4513,85
4514,91
4515,81
4516,81
4517,91
4518,79
4519,83
4520,87
4521,91
4522,91
4523,87
4524,85
4525,89
4526,85
4527,7
4528,81
4529,79
4530,93
4531,97
4532,89
4533,83
4534,75
4535,81
4536,85
4537,83
4538,87
4539,81
4540,95
4541,95
4542,91
4543,91
4544,83
4545,93
4546,95
4547,87
4548,85
4549,83
4550,95
4551,85
4552,87
4553,95
4554,97
4555,95
4556,83
4557,97
4558,101
4559,87
4560,85
4561,83
4562,81
4563,85
4564,81
4565,87
4566,89
4567,87
4568,99
4569,97
4570,79
4571,91
4572,99
4573,75
4574,87
4575,83
4576,83
4577,85
4578,95
4579,81
4580,81
4581,69
4582,83
4583,91
4584,85
4585,83
4586,99
4587,83
4588,83
4589,81
4590,87
4591,89
4592,97
4593,21
4594,1
4595,0
4596,83
4597,93
4598,77
4599,89
4600,81
4601,87
4602,79
4603,93
4604,83
4605,81
4606,73
4607,79
4608,89
4609,91
4610,77
4611,83
4612,77
4613,83
4614,85
4615,83
4616,87
4617,85
4618,79
4619,89
4620,79
4621,79
4622,89
4623,79
4624,97
4625,91
4626,81
4627,77
4628,81
4629,89
4630,93
4631,91
4632,79
4633,75
4634,91
4635,87
4636,87
4637,93
4638,83
4639,73
4640,83
4641,89
4642,91
4643,95
4644,95
4645,79
4646,89
4647,107
4648,85
4649,83
4650,85
4651,81
4652,85
4653,93
4654,87
4655,77
4656,77
4657,60
4658,77
4659,87
4660,89
4661,95
4662,75
4663,18
4664,87
4665,89
4666,81
4667,99
4668,93
4669,83
4670,-4
4671,85
4672,85
4673,79
4674,81
4675,81
4676,79
4677,83
4678,83
4679,83
4680,87
4681,83
4682,97
4683,93
4684,95
4685,87
4686,81
4687,83
4688,79
4689,83
4690,87
4691,79
4692,95
4693,83
4694,93
4695,91
4696,83
4697,87
4698,81
4699,87
4700,99
4701,93
4702,77
4703,89
4704,93
4705,93
4706,87
4707,91
4708,81
4709,83
4710,83
4711,81
4712,81
4713,89
4714,85
4715,89
4716,93
4717,89
4718,91
4719,89
4720,79
4721,87
4722,79
4723,97
4724,91
4725,85
4726,81
4727,97
4728,93
4729,85
4730,87
4731,85
4732,83
4733,81
4734,77
4735,83
4736,91
4737,85
4738,39
4739,91
4740,81
4741,81
4742,83
4743,97
4744,87
4745,77
4746,91
4747,83
4748,103
4749,2
4750,89
4751,79
4752,85
4753,85
4754,87
4755,93
4756,79
4757,79
4758,77
4759,97
4760,99
4761,87
4762,83
4763,75
4764,81
4765,83
4766,91
4767,85
4768,91
4769,87
4770,75
4771,97
4772,87
4773,83
4774,89
4775,87
4776,99
4777,83
4778,101
4779,79
4780,91
4781,79
4782,85
4783,79
4784,97
4785,79
4786,89
4787,77
4788,95
4789,77
4790,91
4791,93
4792,79
4793,75
4794,79
4795,91
4796,85
4797,89
4798,85
4799,91
4800,85
4801,97
4802,81
4803,85
4804,87
4805,87
4806,91
4807,89
4808,89
4809,79
4810,91
4811,77
4812,93
4813,89
4814,99
4815,81
4816,93
4817,83
4818,85
4819,79
4820,99
4821,95
4822,87
4823,93
4824,83
4825,79
4826,93
4827,83
4828,97
4829,83
4830,83
4831,85
4832,95
4833,95
4834,79
4835,83
4836,79
4837,85
4838,85
4839,91
4840,87
4841,99
4842,79
4843,89
4844,87
4845,83
4846,93
4847,93
4848,93
4849,77
4850,89
4851,85
4852,85
4853,103
4854,91
4855,93
4856,85
4857,77
4858,85
4859,83
4860,6
4861,87
4862,93
4863,85
4864,91
4865,87
4866,105
4867,85
4868,89
4869,91
4870,81
4871,83
4872,101
4873,81
4874,79
4875,71
4876,89
4877,85
4878,83
4879,91
4880,85
4881,81
4882,85
4883,87
4884,89
4885,87
4886,95
4887,89
4888,89
4889,79
4890,85
4891,89
4892,93
4893,75
4894,95
4895,99
4896,77
4897,93
4898,85
4899,89
4900,81
4901,89
4902,93
4903,85
4904,89
4905,93
4906,81
4907,91
4908,95
4909,91
4910,81
4911,85
4912,89
4913,101
4914,77
4915,83
4916,83
4917,91
4918,85
4919,93
4920,85
4921,81
4922,87
4923,93
4924,89
4925,89
4926,85
4927,101
4928,93
4929,83
4930,81
4931,75
4932,75
4933,79
4934,85
4935,93
4936,87
4937,85
4938,89
4939,79
4940,93
4941,77
4942,87
4943,87
4944,85
4945,79
4946,85
4947,83
4948,85
4949,103
4950,87
4951,75
4952,91
4953,81
4954,89
4955,71
4956,87
4957,85
4958,81
4959,87
4960,87
4961,89
4962,81
4963,81
4964,85
4965,81
4966,81
4967,79
4968,93
4969,95
4970,87
4971,87
4972,83
4973,81
4974,81
4975,83
4976,89
4977,87
4978,93
4979,95
4980,79
4981,91
4982,99
4983,101
4984,83
4985,91
4986,79
4987,87
4988,93
4989,81
4990,77
4991,93
4992,77
4993,85
4994,77
4995,83
4996,95
4997,89
4998,81
4999,89
5000,83
5001,93
5002,79
5003,85
5004,77
5005,99
5006,93
5007,87
5008,75
5009,81
5010,85
5011,93
5012,85
5013,101
5014,83
5015,83
5016,89
5017,83
5018,85
5019,81
5020,93
5021,97
5022,87
5023,85
5024,85
5025,91
5026,97
5027,81
5028,89
5029,89
5030,87
5031,83
5032,81
5033,79
5034,85
5035,79
5036,91
5037,83
5038,91
5039,85
5040,77
5041,93
5042,91
5043,79
5044,97
5045,101
5046,83
5047,83
5048,77
5049,95
5050,81
5051,89
5052,105
5053,81
5054,101
5055,75
5056,79
5057,89
5058,89
5059,79
5060,79
5061,83
5062,85
5063,91
5064,85
5065,95
5066,95
5067,97
5068,83
5069,85
5070,83
5071,91
5072,93
5073,91
5074,83
5075,83
5076,81
5077,85
5078,75
5079,87
5080,77
5081,85
5082,83
5083,81
5084,91
5085,83
5086,95
5087,97
5088,91
5089,79
5090,77
5091,77
5092,81
5093,89
5094,77
5095,81
5096,83
5097,75
5098,83
5099,93
5100,93
5101,85
5102,89
5103,85
5104,87
5105,95
5106,85
5107,77
5108,83
5109,83
5110,85
5111,101
5112,93
5113,85
5114,87
5115,81
5116,81
5117,95
5118,87
5119,79
5120,95
5121,83
5122,81
5123,81
5124,99
5125,97
5126,79
5127,89
5128,89
5129,77
5130,79
5131,85
5132,93
5133,79
5134,83
5135,89
5136,103
5137,79
5138,75
5139,79
5140,87
5141,87
5142,83
5143,87
5144,81
5145,77
5146,85
5147,89
5148,-33
5149,87
5150,93
5151,87
5152,81
5153,89
5154,97
5155,85
5156,83
5157,83
5158,95
5159,77
5160,95
5161,85
5162,81
5163,85
5164,89
5165,91
5166,93
5167,81
5168,85
5169,83
5170,81
5171,81
5172,89
5173,83
5174,83
5175,81
5176,77
5177,73
5178,93
5179,89
5180,77
5181,83
5182,79
5183,83
5184,87
5185,85
5186,89
5187,101
5188,99
5189,93
5190,85
5191,107
5192,83
5193,83
5194,77
5195,89
5196,77
5197,85
5198,91
5199,89
5200,87
5201,85
5202,89
5203,85
5204,97
5205,87
5206,83
5207,81
5208,91
5209,97
5210,81
5211,91
5212,87
5213,85
5214,93
5215,99
5216,75
5217,85
5218,97
5219,97
5220,91
5221,85
5222,75
5223,87
5224,91
5225,105
5226,83
5227,85
5228,79
5229,91
5230,87
5231,79
5232,83
5233,77
5234,89
5235,89
5236,85
5237,79
5238,93
5239,79
5240,95
5241,77
5242,79
5243,91
5244,73
5245,85
5246,87
5247,87
5248,75
5249,83
5250,-3
5251,93
5252,97
5253,81
5254,77
5255,79
5256,87
5257,99
5258,85
5259,89
5260,89
5261,85
5262,83
5263,93
5264,79
5265,89
5266,85
5267,83
5268,87
5269,83
5270,87
5271,81
5272,87
5273,87
5274,85
5275,91
5276,93
5277,85
5278,83
5279,105
5280,85
5281,79
5282,89
5283,85
5284,91
5285,87
5286,91
5287,77
5288,93
5289,83
5290,83
5291,89
5292,83
5293,95
5294,91
5295,83
5296,73
5297,87
5298,91
5299,85
5300,81
5301,91
5302,85
5303,81
5304,85
5305,83
5306,77
5307,79
5308,81
5309,71
5310,89
5311,101
5312,89
5313,81
5314,79
5315,89
5316,87
5317,93
5318,91
5319,75
5320,81
5321,77
5322,85
5323,81
5324,89
5325,89
5326,83
5327,75
5328,87
5329,79
5330,83
5331,85
5332,77
5333,79
5334,87
5335,95
5336,85
5337,89
5338,81
5339,101
5340,87
5341,83
5342,91
5343,79
5344,93
5345,99
5346,81
5347,81
5348,87
5349,89
5350,89
5351,83
5352,83
5353,83
5354,85
5355,79
5356,89
5357,77
5358,79
5359,93
5360,91
5361,91
5362,87
5363,81
5364,95
5365,99
5366,93
5367,79
5368,85
5369,73
5370,97
5371,89
5372,85
5373,87
5374,95
5375,87
5376,87
5377,81
5378,91
5379,89
5380,87
5381,83
5382,85
5383,91
5384,89
5385,91
5386,89
5387,81
5388,81
5389,95
5390,83
5391,91
5392,81
5393,87
5394,85
5395,87
5396,91
5397,87
5398,93
5399,85
5400,85
5401,79
5402,77
5403,81
5404,85
5405,85
5406,91
5407,81
5408,81
5409,89
5410,83
5411,81
5412,81
5413,91
5414,83
5415,87
5416,87
5417,95
5418,77
5419,79
5420,91
5421,87
5422,95
5423,89
5424,85
5425,85
5426,87
5427,83
5428,81
5429,89
5430,85
5431,87
5432,83
5433,101
5434,85
5435,75
5436,85
5437,83
5438,77
5439,97
5440,81
5441,75
5442,81
5443,87
5444,85
5445,77
5446,87
5447,77
5448,99
5449,99
5450,93
5451,93
5452,101
5453,83
5454,79
5455,91
5456,85
5457,81
5458,79
5459,93
5460,93
5461,85
5462,79
5463,87
5464,73
5465,89
5466,103
5467,87
5468,75
5469,93
5470,91
5471,99
5472,97
5473,99
5474,73
5475,87
5476,91
5477,89
5478,95
5479,79
5480,87
5481,101
5482,87
5483,99
5484,83
5485,77
5486,89
5487,89
5488,87
5489,99
5490,89
5491,77
5492,79
5493,83
5494,97
5495,109
5496,97
5497,81
5498,97
5499,93
5500,71
5501,85
5502,89
5503,81
5504,83
5505,77
5506,85
5507,95
5508,81
5509,83
5510,87
5511,97
5512,91
5513,87
5514,93
5515,93
5516,85
5517,91
5518,85
5519,79
5520,79
5521,93
5522,87
5523,103
5524,83
5525,77
5526,89
5527,97
5528,65
5529,79
5530,89
5531,91
5532,79
5533,73
5534,77
5535,81
5536,79
5537,73
5538,99
5539,85
5540,87
5541,83
5542,83
5543,91
5544,95
5545,87
5546,83
5547,79
5548,73
5549,91
5550,85
5551,73
5552,87
5553,79
5554,85
5555,83
5556,75
5557,101
5558,81
5559,87
5560,99
5561,81
5562,89
5563,79
5564,85
5565,81
5566,83
5567,93
5568,73
5569,-4
5570,73
5571,81
5572,85
5573,79
5574,97
5575,93
5576,91
5577,87
5578,85
5579,89
5580,89
5581,81
5582,85
5583,87
5584,91
5585,97
5586,79
5587,93
5588,77
5589,91
5590,79
5591,93
5592,87
5593,93
5594,97
5595,83
5596,83
5597,91
5598,89
5599,85
5600,87
5601,89
5602,83
5603,79
5604,83
5605,83
5606,79
5607,95
5608,79
5609,83
5610,81
5611,89
5612,85
5613,81
5614,85
5615,85
5616,83
5617,83
5618,95
5619,91
5620,93
5621,77
5622,91
5623,91
5624,71
5625,85
5626,85
5627,53
5628,91
5629,93
5630,89
5631,69
5632,89
5633,105
5634,0
5635,30
5636,0
5637,97
5638,79
5639,89
5640,83
5641,89
5642,85
5643,85
5644,91
5645,95
5646,77
5647,83
5648,75
5649,83
5650,93
5651,87
5652,79
5653,89
5654,85
5655,89
5656,79
5657,91
5658,95
5659,101
5660,87
5661,91
5662,83
5663,105
5664,95
5665,91
5666,79
5667,81
5668,83
5669,89
5670,85
5671,91
5672,85
5673,103
5674,89
5675,91
5676,79
5677,93
5678,77
5679,89
5680,77
5681,85
5682,93
5683,87
5684,79
5685,87
5686,79
5687,87
5688,79
5689,83
5690,89
5691,75
5692,91
5693,87
5694,93
5695,89
5696,89
5697,87
5698,87
5699,81
5700,97
5701,79
5702,79
5703,83
5704,83
5705,79
5706,99
5707,81
5708,85
5709,89
5710,95
5711,89
5712,85
5713,87
5714,85
5715,97
5716,89
5717,89
5718,79
5719,83
5720,91
5721,83
5722,89
5723,79
5724,81
5725,81
5726,97
5727,95
5728,89
5729,77
5730,103
5731,85
5732,85
5733,97
5734,85
5735,91
5736,79
5737,81
5738,89
5739,79
5740,75
5741,87
5742,79
5743,83
5744,101
5745,93
5746,87
5747,81
5748,81
5749,83
5750,79
5751,79
5752,87
5753,81
5754,83
5755,81
5756,91
5757,83
5758,77
5759,85
5760,77
5761,77
5762,87
5763,87
5764,93
5765,95
5766,83
5767,85
5768,85
5769,91
5770,91
5771,81
5772,93
5773,83
5774,93
5775,85
5776,81
5777,85
5778,83
5779,89
5780,75
5781,87
5782,87
5783,95
5784,81
5785,83
5786,81
5787,81
5788,85
5789,97
5790,85
5791,95
5792,75
5793,89
5794,91
5795,81
5796,75
5797,93
5798,89
5799,85
5800,87
5801,81
5802,85
5803,81
5804,83
5805,95
5806,95
5807,85
5808,83
5809,87
5810,93
5811,85
5812,95
5813,89
5814,89
5815,87
5816,87
5817,83
5818,77
5819,87
5820,81
5821,91
5822,91
5823,85
5824,77
5825,89
5826,95
5827,85
5828,93
5829,85
5830,87
5831,81
5832,93
5833,87
5834,87
5835,85
5836,93
5837,77
5838,87
5839,79
5840,87
5841,87
5842,89
5843,95
5844,77
5845,75
5846,87
5847,91
5848,93
5849,87
5850,79
5851,85
5852,79
5853,79
5854,79
5855,81
5856,87
5857,81
5858,85
5859,77
5860,91
5861,73
5862,83
5863,73
5864,91
5865,83
5866,83
5867,97
5868,91
5869,91
5870,85
5871,87
5872,81
5873,105
5874,85
5875,105
5876,81
5877,83
5878,89
5879,89
5880,79
5881,93
5882,93
5883,89
5884,89
5885,87
5886,91
5887,81
5888,91
5889,83
5890,99
5891,87
5892,87
5893,77
5894,81
5895,89
5896,103
5897,81
5898,89
5899,79
5900,91
5901,91
5902,81
5903,91
5904,85
5905,83
5906,95
5907,87
5908,113
5909,79
5910,83
5911,91
5912,85
5913,89
5914,93
5915,91
5916,83
5917,79
5918,81
5919,83
5920,83
5921,97
5922,87
5923,81
5924,85
5925,97
5926,85
5927,87
5928,87
5929,81
5930,79
5931,87
5932,91
5933,77
5934,83
5935,93
5936,89
5937,91
5938,73
5939,85
5940,81
5941,77
5942,83
5943,77
5944,91
5945,91
5946,79
5947,83
5948,85
5949,85
5950,95
5951,93
5952,83
5953,85
5954,83
5955,85
5956,89
5957,73
5958,95
5959,83
5960,89
5961,95
5962,83
5963,83
5964,89
5965,77
5966,89
5967,91
5968,85
5969,79
5970,83
5971,97
5972,85
5973,89
5974,79
5975,83
5976,83
5977,89
5978,77
5979,77
5980,85
5981,91
5982,81
5983,95
5984,77
5985,81
5986,87
5987,87
5988,91
5989,83
5990,79
5991,95
5992,87
5993,95
5994,75
5995,93
5996,77
5997,93
5998,87
5999,95
6000,89
6001,83
6002,75
6003,87
6004,89
6005,85
6006,97
6007,87
6008,95
6009,95
6010,81
6011,91
6012,97
6013,79
6014,97
6015,91
6016,85
6017,93
6018,85
6019,95
6020,89
6021,89
6022,85
6023,81
6024,91
6025,81
6026,85
6027,101
6028,81
6029,91
6030,83
6031,99
6032,91
6033,95
6034,85
6035,91
6036,81
6037,79
6038,87
6039,97
6040,97
6041,79
6042,89
6043,83
6044,77
6045,83
6046,81
6047,85
6048,83
6049,93
6050,101
6051,91
6052,85
6053,87
6054,79
6055,95
6056,87
6057,85
6058,83
6059,77
6060,91
6061,91
6062,91
6063,91
6064,89
6065,105
6066,79
6067,107
6068,73
6069,79
6070,85
6071,91
6072,77
6073,85
6074,87
6075,91
6076,85
6077,89
6078,85
6079,93
6080,79
6081,93
6082,89
6083,79
6084,85
6085,91
6086,89
6087,95
6088,85
6089,81
6090,83
6091,75
6092,83
6093,81
6094,83
6095,83
6096,89
6097,83
6098,81
6099,97
6100,91
6101,85
6102,81
6103,75
6104,83
6105,93
6106,93
6107,85
6108,89
6109,87
6110,91
6111,99
6112,83
6113,81
6114,73
6115,87
6116,93
6117,89
6118,79
6119,85
6120,93
6121,87
6122,91
6123,77
6124,75
6125,73
6126,81
6127,85
6128,97
6129,79
6130,93
6131,73
6132,73
6133,83
6134,87
6135,87
6136,83
6137,83
6138,83
6139,93
6140,93
6141,89
6142,83
6143,97
6144,85
6145,85
6146,87
6147,81
6148,85
6149,89
6150,83
6151,79
6152,81
6153,99
6154,81
6155,93
6156,85
6157,79
6158,77
6159,83
6160,87
6161,87
6162,69
6163,85
6164,85
6165,89
6166,83
6167,93
6168,85
6169,91
6170,91
6171,89
6172,83
6173,81
6174,79
6175,89
6176,77
6177,87
6178,83
6179,81
6180,79
6181,77
6182,89
6183,95
6184,87
6185,83
6186,93
6187,99
6188,89
6189,95
6190,91
6191,93
6192,77
6193,81
6194,77
6195,85
6196,79
6197,79
6198,85
6199,85
6200,85
6201,89
6202,79
6203,81
6204,81
6205,81
6206,101
6207,97
6208,89
6209,97
6210,91
6211,77
6212,77
6213,81
6214,91
6215,91
6216,85
6217,91
6218,79
6219,79
6220,91
6221,87
6222,87
6223,89
6224,87
6225,77
6226,87
6227,87
6228,85
6229,87
6230,85
6231,87
6232,91
6233,85
6234,85
6235,77
6236,91
6237,83
6238,95
6239,81
6240,91
6241,89
6242,77
6243,87
6244,85
6245,87
6246,89
6247,83
6248,87
6249,89
6250,79
6251,95
6252,85
6253,81
6254,79
6255,85
6256,85
6257,75
6258,79
6259,73
6260,85
6261,83
6262,91
6263,85
6264,95
6265,87
6266,81
6267,87
6268,85
6269,83
6270,87
6271,79
6272,85
6273,93
6274,85
6275,87
6276,97
6277,85
6278,97
6279,83
6280,81
6281,89
6282,89
6283,89
6284,89
6285,89
6286,83
6287,91
6288,85
6289,91
6290,93
6291,85
6292,83
6293,77
6294,95
6295,91
6296,91
6297,89
6298,87
6299,89
6300,79
6301,85
6302,91
6303,87
6304,85
6305,81
6306,81
6307,95
6308,87
6309,85
6310,81
6311,85
6312,87
6313,89
6314,95
6315,75
6316,93
6317,83
6318,87
6319,77
6320,81
6321,83
6322,101
6323,85
6324,79
6325,93
6326,101
6327,89
6328,91
6329,83
6330,91
6331,87
6332,85
6333,87
6334,87
6335,85
6336,77
6337,91
6338,81
6339,73
6340,81
6341,89
6342,81
6343,81
6344,85
6345,83
6346,81
6347,93
6348,79
6349,87
6350,83
6351,77
6352,79
6353,85
6354,95
6355,85
6356,89
6357,81
6358,99
6359,83
6360,93
6361,77
6362,89
6363,95
6364,91
6365,91
6366,85
6367,83
6368,87
6369,87
6370,79
6371,97
6372,77
6373,85
6374,89
6375,79
6376,85
6377,83
6378,81
6379,83
6380,95
6381,89
6382,71
6383,87
6384,89
6385,85
6386,77
6387,91
6388,103
6389,75
6390,81
6391,79
6392,91
6393,87
6394,85
6395,87
6396,93
6397,79
6398,79
6399,95
6400,99
6401,81
6402,87
6403,101
6404,91
6405,81
6406,83
6407,79
6408,83
6409,87
6410,87
6411,95
6412,89
6413,85
6414,89
6415,87
6416,91
6417,77
6418,81
6419,87
6420,81
6421,81
6422,85
6423,83
6424,83
6425,91
6426,77
6427,93
6428,95
6429,75
6430,79
6431,77
6432,81
6433,89
6434,81
6435,77
6436,83
6437,91
6438,101
6439,81
6440,81
6441,83
6442,99
6443,83
6444,93
6445,89
6446,99
6447,79
6448,87
6449,87
6450,95
6451,81
6452,81
6453,83
6454,83
6455,75
6456,95
6457,73
6458,83
6459,95
6460,87
6461,83
6462,89
6463,89
6464,89
6465,83
6466,85
6467,89
6468,81
6469,77
6470,101
6471,89
6472,91
6473,93
6474,83
6475,83
6476,89
6477,93
6478,87
6479,83
6480,91
6481,73
6482,93
6483,83
6484,91
6485,89
6486,79
6487,95
6488,89
6489,91
6490,91
6491,87
6492,101
6493,99
6494,103
6495,97
6496,89
6497,77
6498,101
6499,79
6500,85
6501,79
6502,97
6503,85
6504,97
6505,91
6506,43
6507,83
6508,89
6509,97
6510,81
6511,91
6512,85
6513,83
6514,83
6515,71
6516,87
6517,91
6518,85
6519,95
6520,91
6521,89
6522,83
6523,91
6524,93
6525,87
6526,91
6527,85
6528,77
6529,87
6530,81
6531,83
6532,83
6533,75
6534,95
6535,93
6536,89
6537,81
6538,77
6539,87
6540,81
6541,83
6542,87
6543,93
6544,93
6545,93
6546,81
6547,93
6548,77
6549,79
6550,81
6551,85
6552,87
6553,79
6554,81
6555,87
6556,83
6557,87
6558,81
6559,91
6560,93
6561,95
6562,93
6563,93
6564,87
6565,83
6566,85
6567,93
6568,87
6569,97
6570,99
6571,89
6572,77
6573,99
6574,87
6575,97
6576,91
6577,87
6578,91
6579,99
6580,83
6581,95
6582,87
6583,83
6584,87
6585,79
6586,81
6587,89
6588,85
6589,75
6590,91
6591,83
6592,85
6593,81
6594,81
6595,81
6596,91
6597,85
6598,91
6599,83
6600,83
6601,87
6602,89
6603,87
6604,97
6605,91
6606,91
6607,75
6608,89
6609,89
6610,77
6611,83
6612,73
6613,101
6614,71
6615,81
6616,87
6617,81
6618,83
6619,79
6620,87
6621,89
6622,85
6623,81
6624,91
6625,83
6626,81
6627,87
6628,89
6629,81
6630,99
6631,87
6632,79
6633,83
6634,85
6635,101
6636,87
6637,103
6638,83
6639,81
6640,83
6641,85
6642,93
6643,93
6644,85
6645,85
6646,93
6647,89
6648,93
6649,81
6650,75
6651,81
6652,81
6653,77
6654,91
6655,83
6656,91
6657,91
6658,83
6659,89
6660,97
6661,83
6662,81
6663,83
6664,81
6665,87
6666,83
6667,81
6668,90
6669,99
6670,8
6671,13
6672,0
6673,87
6674,73
6675,89
6676,85
6677,95
6678,83
6679,91
6680,79
6681,75
6682,79
6683,103
6684,79
6685,87
6686,97
6687,87
6688,81
6689,93
6690,79
6691,89
6692,81
6693,83
6694,81
6695,83
6696,93
6697,79
6698,93
6699,89
6700,85
6701,83
6702,89
6703,77
6704,73
6705,83
6706,85
6707,79
6708,93
6709,75
6710,93
6711,99
6712,71
6713,83
6714,95
6715,81
6716,79
6717,83
6718,81
6719,85
6720,85
6721,91
6722,85
6723,89
6724,93
6725,77
6726,93
6727,85
6728,99
6729,85
6730,97
6731,95
6732,85
6733,81
6734,85
6735,85
6736,81
6737,85
6738,81
6739,93
6740,81
6741,93
6742,95
6743,91
6744,93
6745,95
6746,87
6747,87
6748,83
6749,87
6750,101
6751,89
6752,79
6753,87
6754,81
6755,95
6756,77
6757,93
6758,85
6759,89
6760,87
6761,85
6762,89
6763,79
6764,79
6765,91
6766,81
6767,95
6768,89
6769,87
6770,87
6771,89
6772,77
6773,85
6774,89
6775,89
6776,87
6777,79
6778,77
6779,91
6780,87
6781,85
6782,85
6783,83
6784,83
6785,89
6786,85
6787,85
6788,83
6789,91
6790,81
6791,95
6792,91
6793,93
6794,91
6795,89
6796,95
6797,83
6798,81
6799,87
6800,83
6801,87
6802,89
6803,81
6804,81
6805,81
6806,85
6807,87
6808,85
6809,89
6810,91
6811,77
6812,87
6813,89
6814,93
6815,89
6816,81
6817,81
6818,89
6819,85
6820,85
6821,81
6822,93
6823,87
6824,91
6825,89
6826,77
6827,87
6828,85
6829,77
6830,89
6831,83
6832,97
6833,83
6834,87
6835,73
6836,85
6837,83
6838,93
6839,91
6840,85
6841,93
6842,75
6843,85
6844,89
6845,97
6846,81
6847,85
6848,89
6849,73
6850,81
6851,87
6852,79
6853,91
6854,85
6855,93
6856,81
6857,89
6858,77
6859,89
6860,85
6861,85
6862,93
6863,77
6864,93
6865,101
6866,93
6867,93
6868,93
6869,83
6870,91
6871,95
6872,77
6873,85
6874,81
6875,109
6876,79
6877,87
6878,89
6879,83
6880,81
6881,85
6882,87
6883,91
6884,77
6885,83
6886,85
6887,71
6888,69
6889,83
6890,79
6891,87
6892,97
6893,79
6894,87
6895,85
6896,81
6897,95
6898,93
6899,95
6900,79
6901,97
6902,87
6903,93
6904,95
6905,81
6906,81
6907,85
6908,81
6909,81
6910,95
6911,79
6912,87
6913,75
6914,93
6915,87
6916,85
6917,75
6918,89
6919,85
6920,89
6921,81
6922,81
6923,85
6924,101
6925,85
6926,87
6927,75
6928,93
6929,97
6930,97
6931,93
6932,81
6933,87
6934,89
6935,75
6936,89
6937,91
6938,91
6939,81
6940,83
6941,79
6942,89
6943,79
6944,87
6945,87
6946,71
6947,85
6948,75
6949,81
6950,101
6951,89
6952,83
6953,83
6954,81
6955,85
6956,81
6957,89
6958,77
6959,87
6960,79
6961,85
6962,89
6963,77
6964,95
6965,75
6966,89
6967,77
6968,81
6969,83
6970,85
6971,79
6972,91
6973,93
6974,89
6975,79
6976,77
6977,91
6978,81
6979,77
6980,89
6981,81
6982,85
6983,79
6984,91
6985,83
6986,99
6987,85
6988,83
6989,83
6990,89
6991,87
6992,81
6993,89
6994,95
6995,87
6996,79
6997,85
6998,89
6999,95
7000,87
7001,75
7002,83
7003,91
7004,85
7005,89
7006,73
7007,95
7008,85
7009,79
7010,83
7011,91
7012,77
7013,101
7014,93
7015,87
7016,85
7017,83
7018,81
7019,83
7020,83
7021,93
7022,89
7023,79
7024,91
7025,83
7026,81
7027,83
7028,87
7029,95
7030,81
7031,81
7032,83
7033,77
7034,101
7035,87
7036,75
7037,93
7038,85
7039,85
7040,91
7041,81
7042,85
7043,97
7044,77
7045,85
7046,93
7047,93
7048,101
7049,83
7050,89
7051,95
7052,87
7053,83
7054,85
7055,101
7056,91
7057,71
7058,81
7059,101
7060,79
7061,87
7062,81
7063,87
7064,85
7065,71
7066,87
7067,77
7068,79
7069,91
7070,95
7071,93
7072,109
7073,89
7074,77
7075,81
7076,89
7077,75
7078,85
7079,83
7080,85
7081,87
7082,87
7083,81
7084,97
7085,95
7086,91
7087,85
7088,95
7089,83
7090,79
7091,79
7092,91
7093,87
7094,75
7095,95
7096,95
7097,79
7098,87
7099,99
7100,87
7101,77
7102,89
7103,89
7104,85
7105,91
7106,85
7107,87
7108,87
7109,85
7110,89
7111,81
7112,91
7113,85
7114,81
7115,87
7116,85
7117,81
7118,85
7119,81
7120,91
7121,101
7122,87
7123,77
7124,93
7125,83
7126,95
7127,87
7128,87
7129,89
7130,87
7131,81
7132,81
7133,89
7134,83
7135,87
7136,83
7137,93
7138,87
7139,81
7140,91
7141,85
7142,83
7143,89
7144,79
7145,95
7146,75
7147,93
7148,95
7149,93
7150,81
7151,79
7152,93
7153,83
7154,85
7155,83
7156,79
7157,85
7158,87
7159,93
7160,81
7161,85
7162,83
7163,79
7164,101
7165,87
7166,93
7167,77
7168,83
7169,89
7170,87
7171,89
7172,77
7173,83
7174,95
7175,87
7176,83
7177,77
7178,91
7179,85
7180,87
7181,95
7182,79
7183,81
7184,77
7185,91
7186,85
7187,81
7188,101
7189,81
7190,81
7191,79
7192,93
7193,87
7194,87
7195,91
7196,93
7197,91
7198,77
7199,87
7200,85
7201,83
7202,71
7203,91
7204,87
7205,83
7206,93
7207,93
7208,87
7209,95
7210,81
7211,79
7212,81
7213,95
7214,83
7215,83
7216,85
7217,73
7218,79
7219,83
7220,83
7221,91
7222,87
7223,87
7224,93
7225,87
7226,89
7227,85
7228,93
7229,85
7230,93
7231,85
7232,75
7233,95
7234,79
7235,91
7236,87
7237,89
7238,85
7239,75
7240,83
7241,93
7242,93
7243,81
7244,89
7245,89
7246,97
7247,89
7248,93
7249,83
7250,89
7251,101
7252,93
7253,81
7254,87
7255,99
7256,89
7257,85
7258,89
7259,77
7260,87
7261,87
7262,89
7263,91
7264,97
7265,89
7266,89
7267,87
7268,83
7269,89
7270,79
7271,79
7272,101
7273,85
7274,91
7275,81
7276,81
7277,91
7278,89
7279,95
7280,79
7281,107
7282,89
7283,85
7284,89
7285,85
7286,87
7287,81
7288,85
7289,93
7290,83
7291,79
7292,99
7293,85
7294,81
7295,83
7296,97
7297,91
7298,85
7299,97
7300,87
7301,85
7302,85
7303,87
7304,77
7305,83
7306,79
7307,85
7308,91
7309,89
7310,81
7311,93
7312,91
7313,79
7314,85
7315,85
7316,83
7317,91
7318,83
7319,85
7320,93
7321,89
7322,81
7323,77
7324,95
7325,101
7326,91
7327,79
7328,105
7329,77
7330,97
7331,91
7332,89
7333,87
7334,87
7335,93
7336,91
7337,87
7338,89
7339,79
7340,85
7341,89
7342,85
7343,87
7344,97
7345,79
7346,83
7347,91
7348,91
7349,95
7350,97
7351,73
7352,93
7353,93
7354,93
7355,89
7356,93
7357,83
7358,83
7359,89
7360,79
7361,83
7362,89
7363,85
7364,83
7365,89
7366,77
7367,91
7368,95
7369,83
7370,81
7371,93
7372,87
7373,87
7374,75
7375,77
7376,77
7377,85
7378,89
7379,75
7380,85
7381,91
7382,77
7383,91
7384,87
7385,91
7386,87
7387,79
7388,97
7389,95
7390,83
7391,89
7392,93
7393,83
7394,91
7395,97
7396,79
7397,105
7398,83
7399,83
7400,81
7401,91
7402,87
7403,89
7404,87
7405,91
7406,83
7407,99
7408,89
7409,83
7410,93
7411,85
7412,81
7413,79
7414,93
7415,83
7416,103
7417,83
7418,83
7419,79
7420,107
7421,87
7422,79
7423,79
7424,83
7425,87
7426,91
7427,73
7428,87
7429,85
7430,81
7431,81
7432,95
7433,83
7434,95
7435,77
7436,91
7437,93
7438,87
7439,97
7440,79
7441,89
7442,89
7443,83
7444,79
7445,83
7446,85
7447,91
7448,89
7449,87
7450,87
7451,89
7452,87
7453,83
7454,99
7455,87
7456,83
7457,79
7458,81
7459,85
7460,83
7461,83
7462,89
7463,81
7464,83
7465,81
7466,99
7467,91
7468,89
7469,75
7470,75
7471,85
7472,85
7473,85
7474,73
7475,89
7476,81
7477,89
7478,85
7479,85
7480,85
7481,87
7482,89
7483,91
7484,89
7485,87
7486,83
7487,79
7488,95
7489,87
7490,89
7491,83
7492,89
7493,91
7494,93
7495,79
7496,81
7497,87
7498,81
7499,75
7500,87
7501,93
7502,75
7503,93
7504,77
7505,79
7506,77
7507,79
7508,95
7509,83
7510,75
7511,81
7512,79
7513,77
7514,89
7515,89
7516,89
7517,83
7518,95
7519,85
7520,89
7521,81
7522,91
7523,77
7524,89
7525,87
7526,81
7527,87
7528,81
7529,85
7530,79
7531,93
7532,89
7533,83
7534,79
7535,73
7536,89
7537,93
7538,83
7539,85
7540,87
7541,99
7542,93
7543,99
7544,79
7545,79
7546,83
7547,85
7548,83
7549,87
7550,83
7551,79
7552,83
7553,87
7554,79
7555,85
7556,81
7557,85
7558,89
7559,91
7560,87
7561,93
7562,95
7563,81
7564,83
7565,77
7566,77
7567,87
7568,83
7569,85
7570,83
7571,83
7572,89
7573,83
7574,87
7575,91
7576,93
7577,89
7578,89
7579,91
7580,101
7581,93
7582,95
7583,81
7584,89
7585,89
7586,85
7587,89
7588,95
7589,91
7590,83
7591,79
7592,97
7593,107
7594,81
7595,97
7596,85
7597,95
7598,81
7599,75
7600,95
7601,89
7602,87
7603,81
7604,93
7605,83
7606,89
7607,89
7608,89
7609,75
7610,93
7611,85
7612,83
7613,93
7614,85
7615,91
7616,89
7617,97
7618,93
7619,83
7620,95
7621,73
7622,93
7623,75
7624,89
7625,87
7626,91
7627,87
7628,93
7629,83
7630,89
7631,89
7632,93
7633,85
7634,83
7635,101
7636,87
7637,93
7638,89
7639,77
7640,85
7641,75
7642,73
7643,99
7644,87
7645,85
7646,83
7647,83
7648,85
7649,83
7650,83
7651,95
7652,72
7653,91
7654,85
7655,75
7656,87
7657,85
7658,75
7659,85
7660,77
7661,79
7662,77
7663,85
7664,81
7665,77
7666,85
7667,89
7668,83
7669,89
7670,79
7671,87
7672,79
7673,87
7674,99
7675,79
7676,81
7677,81
7678,91
7679,83
7680,85
7681,81
7682,97
7683,75
7684,99
7685,97
7686,79
7687,83
7688,89
7689,89
7690,87
7691,83
7692,81
7693,95
7694,103
7695,83
7696,85
7697,87
7698,89
7699,93
7700,85
7701,105
7702,77
7703,93
7704,94
7705,100
7706,-16
7707,22
7708,0
7709,81
7710,91
7711,81
7712,91
7713,89
7714,85
7715,77
7716,91
7717,83
7718,85
7719,87
7720,109
7721,87
7722,77
7723,87
7724,89
7725,85
7726,89
7727,79
7728,81
7729,87
7730,83
7731,87
7732,91
7733,77
7734,87
7735,83
7736,79
7737,87
7738,91
7739,97
7740,87
7741,81
7742,77
7743,89
7744,81
7745,105
7746,85
7747,85
7748,81
7749,85
7750,83
7751,83
7752,87
7753,87
7754,91
7755,83
7756,83
7757,91
7758,85
7759,89
7760,85
7761,85
7762,93
7763,93
7764,81
7765,91
7766,89
7767,81
7768,87
7769,83
7770,81
7771,89
7772,89
7773,85
7774,91
7775,83
7776,89
7777,91
7778,75
7779,91
7780,83
7781,95
7782,85
7783,87
7784,83
7785,87
7786,85
7787,93
7788,87
7789,87
7790,81
7791,95
7792,85
7793,77
7794,87
7795,89
7796,89
7797,85
7798,85
7799,87
7800,81
7801,83
7802,87
7803,81
7804,87
7805,81
7806,81
7807,83
7808,85
7809,83
7810,87
7811,87
7812,91
7813,85
7814,81
7815,79
7816,85
7817,81
7818,107
7819,83
7820,95
7821,89
7822,87
7823,89
7824,89
7825,77
7826,81
7827,87
7828,87
7829,79
7830,91
7831,85
7832,81
7833,79
7834,95
7835,85
7836,91
7837,85
7838,85
7839,99
7840,83
7841,89
7842,79
7843,93
7844,83
7845,85
7846,77
7847,79
7848,83
7849,89
7850,89
7851,79
7852,95
7853,103
7854,79
7855,93
7856,91
7857,91
7858,83
7859,89
7860,85
7861,83
7862,77
7863,73
7864,87
7865,89
7866,69
7867,97
7868,87
7869,83
7870,101
7871,75
7872,93
7873,79
7874,91
7875,87
7876,85
7877,95
7878,85
7879,81
7880,85
7881,77
7882,91
7883,83
7884,81
7885,81
7886,89
7887,87
7888,85
7889,85
7890,95
7891,97
7892,85
7893,81
7894,87
7895,81
7896,77
7897,89
7898,73
7899,73
7900,97
7901,101
7902,83
7903,87
7904,91
7905,87
7906,97
7907,95
7908,89
7909,79
7910,91
7911,89
7912,83
7913,79
7914,71
7915,77
7916,87
7917,83
7918,101
7919,91
7920,87
7921,91
7922,83
7923,83
7924,89
7925,77
7926,83
7927,89
7928,81
7929,77
7930,85
7931,81
7932,95
7933,91
7934,77
7935,91
7936,79
7937,79
7938,73
7939,91
7940,99
7941,73
7942,85
7943,101
7944,83
7945,95
7946,87
7947,83
7948,89
7949,85
7950,85
7951,83
7952,85
7953,91
7954,81
7955,91
7956,89
7957,83
7958,87
7959,85
7960,83
7961,83
7962,79
7963,83
7964,75
7965,77
7966,89
7967,85
7968,105
7969,83
7970,99
7971,85
7972,87
7973,83
7974,91
7975,91
7976,85
7977,87
7978,89
7979,81
7980,81
7981,95
7982,97
7983,75
7984,95
7985,99
7986,81
7987,95
7988,101
7989,85
7990,85
7991,89
7992,87
7993,91
7994,81
7995,81
7996,81
7997,93
7998,85
7999,77
8000,91
8001,81
8002,87
8003,83
8004,91
8005,93
8006,85
8007,89
8008,87
8009,79
8010,89
8011,101
8012,81
8013,97
8014,91
8015,91
8016,73
8017,93
8018,93
8019,81
8020,91
8021,89
8022,83
8023,87
8024,91
8025,97
8026,95
8027,89
8028,71
8029,89
8030,81
8031,77
8032,93
8033,89
8034,87
8035,95
8036,75
8037,83
8038,89
8039,83
8040,95
8041,91
8042,89
8043,87
8044,95
8045,81
8046,89
8047,87
8048,97
8049,79
8050,85
8051,81
8052,95
8053,87
8054,95
8055,83
8056,93
8057,79
8058,95
8059,79
8060,99
8061,87
8062,83
8063,89
8064,85
8065,89
8066,79
8067,83
8068,77
8069,79
8070,85
8071,83
8072,91
8073,85
8074,91
8075,83
8076,83
8077,91
8078,81
8079,91
8080,67
8081,79
8082,89
8083,89
8084,89
8085,89
8086,85
8087,91
8088,81
8089,81
8090,81
8091,79
8092,81
8093,85
8094,93
8095,77
8096,91
8097,81
8098,87
8099,75
8100,93
8101,91
8102,77
8103,95
8104,93
8105,87
8106,97
8107,91
8108,85
8109,83
8110,87
8111,79
8112,89
8113,71
8114,99
8115,85
8116,83
8117,89
8118,99
8119,83
8120,93
8121,85
8122,97
8123,85
8124,85
8125,85
8126,93
8127,87
8128,89
8129,103
8130,89
8131,101
8132,85
8133,83
8134,77
8135,85
8136,83
8137,89
8138,81
8139,75
8140,89
8141,73
8142,91
8143,91
8144,83
8145,85
8146,83
8147,97
8148,87
8149,99
8150,87
8151,95
8152,91
8153,89
8154,77
8155,101
8156,85
8157,93
8158,95
8159,95
8160,85
8161,75
8162,89
8163,91
8164,89
8165,91
8166,87
8167,77
8168,77
8169,89
8170,77
8171,81
8172,91
8173,89
8174,75
8175,89
8176,83
8177,91
8178,75
8179,83
8180,87
8181,85
8182,93
8183,83
8184,81
8185,99
8186,79
8187,105
8188,87
8189,81
8190,79
8191,97
8192,77
8193,87
8194,89
8195,79
8196,81
8197,87
8198,95
8199,89
8200,87
8201,83
8202,85
8203,83
8204,91
8205,79
8206,85
8207,95
8208,79
8209,87
8210,87
8211,77
8212,89
8213,89
8214,87
8215,79
8216,87
8217,97
8218,81
8219,85
8220,83
8221,89
8222,99
8223,97
8224,93
8225,85
8226,83
8227,93
8228,99
8229,83
8230,97
8231,77
8232,87
8233,83
8234,87
8235,87
8236,87
8237,89
8238,73
8239,85
8240,97
8241,87
8242,85
8243,83
8244,87
8245,87
8246,87
8247,89
8248,97
8249,89
8250,83
8251,83
8252,75
8253,79
8254,83
8255,87
8256,81
8257,93
8258,89
8259,97
8260,85
8261,83
8262,87
8263,85
8264,73
8265,91
8266,83
8267,93
8268,81
8269,85
8270,91
8271,93
8272,71
8273,91
8274,79
8275,81
8276,81
8277,83
8278,87
8279,77
8280,79
8281,95
8282,83
8283,87
8284,83
8285,85
8286,83
8287,81
8288,97
8289,75
8290,93
8291,89
8292,81
8293,83
8294,79
8295,83
8296,103
8297,85
8298,89
8299,93
8300,85
8301,91
8302,83
8303,87
8304,95
8305,95
8306,81
8307,89
8308,81
8309,95
8310,79
8311,87
8312,85
8313,89
8314,91
8315,83
8316,93
8317,93
8318,77
8319,85
8320,77
8321,83
8322,83
8323,91
8324,105
8325,85
8326,83
8327,101
8328,83
8329,91
8330,81
8331,79
8332,91
8333,87
8334,91
8335,93
8336,87
8337,89
8338,85
8339,81
8340,89
8341,99
8342,77
8343,79
8344,83
8345,81
8346,77
8347,89
8348,83
8349,75
8350,83
8351,79
8352,93
8353,95
8354,89
8355,83
8356,89
8357,83
8358,89
8359,83
8360,99
8361,85
8362,85
8363,89
8364,85
8365,83
8366,95
8367,83
8368,91
8369,83
8370,81
8371,91
8372,81
8373,73
8374,79
8375,79
8376,91
8377,79
8378,87
8379,91
8380,87
8381,89
8382,97
8383,83
8384,83
8385,81
8386,83
8387,87
8388,77
8389,77
8390,85
8391,91
8392,79
8393,79
8394,75
8395,83
8396,91
8397,79
8398,85
8399,85
8400,73
8401,93
8402,91
8403,89
8404,79
8405,87
8406,81
8407,73
8408,87
8409,83
8410,83
8411,77
8412,97
8413,89
8414,89
8415,95
8416,83
8417,87
8418,103
8419,83
8420,91
8421,89
8422,87
8423,89
8424,93
8425,93
8426,71
8427,89
8428,81
8429,93
8430,93
8431,93
8432,85
8433,89
8434,95
8435,75
8436,89
8437,81
8438,91
8439,81
8440,101
8441,75
8442,83
8443,91
8444,103
8445,89
8446,93
8447,87
8448,93
8449,89
8450,91
8451,83
8452,91
8453,77
8454,75
8455,85
8456,91
8457,87
8458,81
8459,83
8460,91
8461,83
8462,77
8463,81
8464,89
8465,81
8466,85
8467,83
8468,79
8469,85
8470,79
8471,91
8472,89
8473,95
8474,83
8475,105
8476,95
8477,91
8478,89
8479,89
8480,87
8481,83
8482,77
8483,83
8484,89
8485,83
8486,77
8487,77
8488,91
8489,89
8490,83
8491,99
8492,85
8493,95
8494,83
8495,83
8496,83
8497,89
8498,91
8499,91
8500,77
8501,79
8502,87
8503,89
8504,87
8505,87
8506,85
8507,93
8508,83
8509,85
8510,85
8511,75
8512,77
8513,81
8514,85
8515,79
8516,91
8517,81
8518,85
8519,83
8520,79
8521,83
8522,89
8523,79
8524,89
8525,93
8526,93
8527,89
8528,87
8529,89
8530,83
8531,103
8532,77
8533,91
8534,73
8535,87
8536,81
8537,93
8538,87
8539,105
8540,81
8541,79
8542,83
8543,91
8544,89
8545,83
8546,85
8547,99
8548,85
8549,81
8550,95
8551,81
8552,77
8553,85
8554,83
8555,89
8556,93
8557,85
8558,83
8559,83
8560,87
8561,83
8562,99
8563,87
8564,89
8565,95
8566,85
8567,87
8568,91
8569,83
8570,73
8571,89
8572,85
8573,87
8574,99
8575,77
8576,95
8577,89
8578,87
8579,89
8580,87
8581,99
8582,85
8583,99
8584,91
8585,79
8586,85
8587,95
8588,81
8589,85
8590,83
8591,81
8592,79
8593,83
8594,99
8595,91
8596,85
8597,81
8598,81
8599,89
8600,91
8601,91
8602,81
8603,87
8604,91
8605,81
8606,81
8607,93
8608,83
8609,81
8610,103
8611,85
8612,95
8613,89
8614,81
8615,85
8616,79
8617,93
8618,81
8619,77
8620,87
8621,83
8622,85
8623,85
8624,99
8625,83
8626,83
8627,81
8628,79
8629,85
8630,81
8631,81
8632,81
8633,85
8634,81
8635,85
8636,87
8637,85
8638,81
8639,87
8640,81
8641,95
8642,81
8643,89
8644,91
8645,87
8646,93
8647,87
8648,89
8649,73
8650,99
8651,83
8652,87
8653,79
8654,93
8655,91
8656,81
8657,83
8658,91
8659,77
8660,79
8661,85
8662,71
8663,87
8664,89
8665,75
8666,85
8667,79
8668,99
8669,101
8670,81
8671,79
8672,101
8673,85
8674,83
8675,85
8676,89
8677,87
8678,93
8679,77
8680,91
8681,81
8682,81
8683,93
8684,79
8685,91
8686,97
8687,91
8688,91
8689,95
8690,89
8691,83
8692,71
8693,79
8694,89
8695,81
8696,91
8697,101
8698,87
8699,87
8700,83
8701,75
8702,95
8703,87
8704,81
8705,95
8706,83
8707,89
8708,81
8709,91
8710,87
8711,91
8712,83
8713,85
8714,85
8715,83
8716,81
8717,79
8718,87
8719,77
8720,87
8721,97
8722,75
8723,81
8724,85
8725,89
8726,89
8727,83
8728,85
8729,83
8730,83
8731,95
8732,85
8733,75
8734,83
8735,85
8736,79
8737,95
8738,79
8739,83
8740,83
8741,97
8742,79
8743,10
8744,0
8745,91
8746,81
8747,91
8748,83
8749,85
8750,93
8751,87
8752,93
8753,79
8754,83
8755,83
8756,81
8757,83
8758,83
8759,95
8760,97
8761,89
8762,81
8763,93
8764,89
8765,91
8766,75
8767,91
8768,89
8769,81
8770,83
8771,73
8772,83
8773,95
8774,87
8775,77
8776,91
8777,89
8778,91
8779,79
8780,93
8781,89
8782,85
8783,81
8784,93
8785,99
8786,87
8787,93
8788,93
8789,85
8790,89
8791,87
8792,95
8793,93
8794,83
8795,77
8796,77
8797,85
8798,81
8799,77
8800,85
8801,91
8802,91
8803,87
8804,87
8805,79
8806,83
8807,105
8808,89
8809,91
8810,91
8811,87
8812,93
8813,85
8814,101
8815,85
8816,87
8817,81
8818,95
8819,81
8820,83
8821,79
8822,91
8823,79
8824,83
8825,81
8826,85
8827,87
8828,79
8829,87
8830,87
8831,87
8832,85
8833,91
8834,81
8835,75
8836,109
8837,95
8838,87
8839,97
8840,95
8841,75
8842,85
8843,81
8844,89
8845,69
8846,79
8847,79
8848,89
8849,83
8850,79
8851,75
8852,83
8853,75
8854,81
8855,79
8856,93
8857,83
8858,81
8859,77
8860,93
8861,85
8862,79
8863,95
8864,87
8865,93
8866,85
8867,85
8868,99
8869,91
8870,79
8871,85
8872,83
8873,81
8874,87
8875,79
8876,87
8877,91
8878,79
8879,103
8880,91
8881,79
8882,81
8883,89
8884,81
8885,75
8886,81
8887,77
8888,89
8889,81
8890,83
8891,95
8892,89
8893,83
8894,83
8895,79
8896,93
8897,81
8898,97
8899,81
8900,95
8901,89
8902,87
8903,101
8904,97
8905,83
8906,87
8907,87
8908,87
8909,93
8910,79
8911,83
8912,81
8913,75
8914,77
8915,79
8916,81
8917,95
8918,89
8919,89
8920,83
8921,91
8922,89
8923,89
8924,103
8925,83
8926,85
8927,101
8928,79
8929,87
8930,79
8931,99
8932,81
8933,89
8934,79
8935,85
8936,83
8937,89
8938,95
8939,93
8940,97
8941,101
8942,81
8943,81
8944,75
8945,93
8946,89
8947,87
8948,85
8949,89
8950,79
8951,81
8952,83
8953,79
8954,97
8955,93
8956,79
8957,89
8958,83
8959,99
8960,89
8961,83
8962,83
8963,83
8964,79
8965,93
8966,83
8967,89
8968,89
8969,81
8970,77
8971,87
8972,95
8973,87
8974,89
8975,93
8976,83
8977,85
8978,89
8979,99
8980,87
8981,95
8982,81
8983,95
8984,83
8985,75
8986,97
8987,85
8988,93
8989,85
8990,77
8991,83
8992,77
8993,91
8994,79
8995,81
8996,91
8997,95
8998,95
8999,91
9000,79
9001,95
9002,89
9003,93
9004,83
9005,89
9006,79
9007,85
9008,101
9009,97
9010,91
9011,85
9012,93
9013,83
9014,101
9015,89
9016,87
9017,89
9018,83
9019,87
9020,73
9021,79
9022,99
9023,83
9024,95
9025,89
9026,91
9027,87
9028,79
9029,81
9030,85
9031,81
9032,89
9033,91
9034,89
9035,87
9036,87
9037,91
9038,87
9039,89
9040,87
9041,91
9042,85
9043,79
9044,83
9045,91
9046,87
9047,87
9048,85
9049,81
9050,81
9051,87
9052,85
9053,85
9054,81
9055,79
9056,83
9057,83
9058,81
9059,89
9060,89
9061,85
9062,81
9063,79
9064,89
9065,83
9066,83
9067,93
9068,85
9069,87
9070,81
9071,77
9072,77
9073,79
9074,93
9075,81
9076,81
9077,89
9078,91
9079,81
9080,89
9081,89
9082,95
9083,89
9084,93
9085,85
9086,85
9087,85
9088,77
9089,81
9090,77
9091,87
9092,79
9093,87
9094,73
9095,99
9096,83
9097,85
9098,81
9099,87
9100,97
9101,85
9102,85
9103,87
9104,89
9105,85
9106,81
9107,97
9108,91
9109,95
9110,95
9111,85
9112,81
9113,91
9114,79
9115,81
9116,89
9117,77
9118,87
9119,79
9120,89
9121,91
9122,75
9123,93
9124,75
9125,87
9126,93
9127,79
9128,91
9129,83
9130,91
9131,81
9132,79
9133,93
9134,83
9135,93
9136,87
9137,85
9138,77
9139,87
9140,81
9141,97
9142,95
9143,81
9144,97
9145,95
9146,87
9147,81
9148,89
9149,91
9150,87
9151,85
9152,73
9153,85
9154,87
9155,81
9156,87
9157,83
9158,81
9159,69
9160,91
9161,85
9162,83
9163,81
9164,87
9165,77
9166,87
9167,87
9168,81
9169,91
9170,85
9171,89
9172,85
9173,83
9174,89
9175,89
9176,85
9177,95
9178,93
9179,81
9180,97
9181,85
9182,81
9183,83
9184,99
9185,91
9186,83
9187,81
9188,85
9189,91
9190,79
9191,79
9192,83
9193,87
9194,93
9195,77
9196,87
9197,77
9198,95
9199,93
9200,81
9201,89
9202,83
9203,87
9204,77
9205,97
9206,73
9207,81
9208,89
9209,83
9210,85
9211,87
9212,89
9213,73
9214,85
9215,89
9216,81
9217,91
9218,93
9219,83
9220,89
9221,87
9222,99
9223,81
9224,83
9225,97
9226,81
9227,81
9228,75
9229,77
9230,97
9231,99
9232,97
9233,77
9234,83
9235,81
9236,87
9237,95
9238,89
9239,89
9240,81
9241,85
9242,85
9243,87
9244,85
9245,87
9246,93
9247,87
9248,81
9249,77
9250,93
9251,81
9252,83
9253,97
9254,83
9255,83
9256,83
9257,85
9258,85
9259,87
9260,95
9261,77
9262,97
9263,87
9264,85
9265,73
9266,91
9267,91
9268,93
9269,87
9270,89
9271,85
9272,83
9273,83
9274,87
9275,95
9276,93
9277,91
9278,89
9279,81
9280,87
9281,95
9282,93
9283,95
9284,75
9285,79
9286,83
9287,79
9288,85
9289,85
9290,85
9291,81
9292,77
9293,87
9294,83
9295,83
9296,79
9297,79
9298,83
9299,81
9300,85
9301,89
9302,83
9303,87
9304,83
9305,71
9306,81
9307,83
9308,83
9309,81
9310,75
9311,87
9312,87
9313,97
9314,81
9315,87
9316,95
9317,73
9318,91
9319,85
9320,97
9321,81
9322,83
9323,89
9324,93
9325,83
9326,83
9327,95
9328,81
9329,97
9330,93
9331,93
9332,75
9333,99
9334,89
9335,85
9336,89
9337,93
9338,81
9339,75
9340,97
9341,89
9342,87
9343,89
9344,89
9345,85
9346,101
9347,81
9348,85
9349,93
9350,85
9351,83
9352,85
9353,95
9354,83
9355,75
9356,91
9357,83
9358,81
9359,75
9360,85
9361,95
9362,87
9363,93
9364,89
9365,87
9366,87
9367,85
9368,85
9369,79
9370,85
9371,93
9372,87
9373,89
9374,79
9375,95
9376,79
9377,79
9378,97
9379,85
9380,81
9381,93
9382,85
9383,93
9384,87
9385,95
9386,75
9387,77
9388,79
9389,87
9390,91
9391,91
9392,89
9393,87
9394,77
9395,79
9396,91
9397,81
9398,97
9399,93
9400,87
9401,85
9402,79
9403,89
9404,79
9405,95
9406,81
9407,93
9408,95
9409,83
9410,81
9411,83
9412,83
9413,81
9414,95
9415,77
9416,97
9417,89
9418,89
9419,89
9420,85
9421,71
9422,87
9423,83
9424,85
9425,95
9426,87
9427,79
9428,77
9429,77
9430,89
9431,101
9432,85
9433,91
9434,99
9435,81
9436,93
9437,85
9438,95
9439,89
9440,85
9441,93
9442,73
9443,89
9444,85
9445,87
9446,81
9447,91
9448,89
9449,87
9450,87
9451,83
9452,103
9453,91
9454,85
9455,89
9456,81
9457,85
9458,87
9459,79
9460,93
9461,79
9462,97
9463,89
9464,85
9465,97
9466,87
9467,73
9468,81
9469,87
9470,87
9471,93
9472,85
9473,95
9474,77
9475,89
9476,101
9477,87
9478,91
9479,85
9480,95
9481,83
9482,91
9483,79
9484,73
9485,101
9486,83
9487,89
9488,83
9489,83
9490,83
9491,85
9492,81
9493,89
9494,89
9495,93
9496,91
9497,83
9498,81
9499,91
9500,71
9501,83
9502,85
9503,71
9504,89
9505,81
9506,77
9507,83
9508,81
9509,91
9510,73
9511,97
9512,81
9513,83
9514,87
9515,91
9516,87
9517,87
9518,93
9519,83
9520,91
9521,85
9522,85
9523,87
9524,93
9525,85
9526,83
9527,83
9528,83
9529,89
9530,87
9531,79
9532,77
9533,91
9534,99
9535,81
9536,85
9537,83
9538,81
9539,85
9540,77
9541,93
9542,87
9543,89
9544,77
9545,81
9546,85
9547,89
9548,81
9549,87
9550,83
9551,83
9552,77
9553,89
9554,99
9555,97
9556,87
9557,85
9558,87
9559,77
9560,77
9561,83
9562,87
9563,73
9564,79
9565,101
9566,87
9567,75
9568,79
9569,89
9570,97
9571,89
9572,91
9573,109
9574,107
9575,91
9576,91
9577,81
9578,79
9579,87
9580,75
9581,85
9582,77
9583,83
9584,83
9585,83
9586,93
9587,79
9588,87
9589,95
9590,95
9591,83
9592,91
9593,85
9594,81
9595,91
9596,95
9597,85
9598,101
9599,83
9600,79
9601,81
9602,91
9603,81
9604,87
9605,91
9606,75
9607,81
9608,87
9609,83
9610,91
9611,81
9612,91
9613,89
9614,95
9615,91
9616,89
9617,81
9618,81
9619,81
9620,97
9621,87
9622,77
9623,81
9624,87
9625,91
9626,83
9627,87
9628,75
9629,91
9630,81
9631,103
9632,95
9633,91
9634,85
9635,85
9636,105
9637,87
9638,79
9639,79
9640,89
9641,97
9642,77
9643,89
9644,87
9645,81
9646,83
9647,91
9648,75
9649,89
9650,79
9651,83
9652,97
9653,93
9654,87
9655,85
9656,83
9657,83
9658,83
9659,77
9660,87
9661,89
9662,83
9663,91
9664,93
9665,81
9666,93
9667,81
9668,97
9669,83
9670,85
9671,89
9672,75
9673,79
9674,85
9675,91
9676,83
9677,73
9678,101
9679,83
9680,87
9681,93
9682,89
9683,87
9684,85
9685,97
9686,85
9687,87
9688,85
9689,93
9690,89
9691,91
9692,81
9693,99
9694,81
9695,95
9696,89
9697,75
9698,91
9699,85
9700,79
9701,87
9702,95
9703,93
9704,87
9705,83
9706,91
9707,91
9708,95
9709,83
9710,85
9711,85
9712,85
9713,81
9714,79
9715,97
9716,81
9717,75
9718,87
9719,85
9720,91
9721,93
9722,79
9723,89
9724,85
9725,81
9726,85
9727,79
9728,81
9729,73
9730,95
9731,111
9732,85
9733,101
9734,81
9735,91
9736,95
9737,79
9738,87
9739,97
9740,95
9741,83
9742,89
9743,85
9744,91
9745,79
9746,85
9747,85
9748,95
9749,81
9750,85
9751,81
9752,85
9753,85
9754,81
9755,87
9756,81
9757,85
9758,91
9759,81
9760,89
9761,91
9762,97
9763,89
9764,83
9765,81
9766,85
9767,79
9768,77
9769,85
9770,77
9771,87
9772,83
9773,85
9774,85
9775,77
9776,95
9777,87
9778,96
9779,8
9780,32
9781,0
9782,89
9783,89
9784,81
9785,81
9786,81
9787,75
9788,83
9789,93
9790,93
9791,83
9792,73
9793,85
9794,81
9795,89
9796,77
9797,79
9798,79
9799,89
9800,97
9801,85
9802,87
9803,85
9804,89
9805,79
9806,83
9807,77
9808,95
9809,87
9810,85
9811,93
9812,85
9813,91
9814,85
9815,77
9816,87
9817,83
9818,85
9819,81
9820,87
9821,89
9822,85
9823,77
9824,95
9825,95
9826,81
9827,85
9828,81
9829,87
9830,115
9831,81
9832,87
9833,81
9834,91
9835,83
9836,85
9837,87
9838,95
9839,85
9840,83
9841,85
9842,79
9843,87
9844,89
9845,81
9846,81
9847,81
9848,87
9849,79
9850,79
9851,81
9852,71
9853,77
9854,77
9855,77
9856,93
9857,97
9858,85
9859,85
9860,99
9861,85
9862,85
9863,93
9864,83
9865,87
9866,89
9867,99
9868,89
9869,85
9870,79
9871,85
9872,97
9873,87
9874,83
9875,81
9876,85
9877,85
9878,83
9879,83
9880,93
9881,87
9882,81
9883,81
9884,91
9885,83
9886,77
9887,85
9888,83
9889,83
9890,93
9891,79
9892,79
9893,91
9894,85
9895,103
9896,83
9897,87
9898,87
9899,95
9900,91
9901,79
9902,89
9903,83
9904,81
9905,87
9906,79
9907,75
9908,89
9909,79
9910,81
9911,83
9912,81
9913,79
9914,97
9915,91
9916,79
9917,93
9918,81
9919,91
9920,85
9921,91
9922,85
9923,91
9924,89
9925,83
9926,93
9927,87
9928,91
9929,87
9930,83
9931,83
9932,81
9933,91
9934,85
9935,81
9936,93
9937,97
9938,87
9939,87
9940,93
9941,87
9942,81
9943,83
9944,91
9945,87
9946,83
9947,95
9948,79
9949,87
9950,91
9951,85
9952,77
9953,77
9954,87
9955,87
9956,87
9957,81
9958,93
9959,81
9960,87
9961,85
9962,87
9963,93
9964,87
9965,81
9966,91
9967,91
9968,95
9969,85
9970,85
9971,77
9972,77
9973,85
9974,93
9975,75
9976,83
9977,93
9978,79
9979,85
9980,79
9981,87
9982,83
9983,75
9984,81
9985,79
9986,91
9987,83
9988,93
9989,79
9990,79
9991,77
9992,87
9993,83
9994,81
9995,81
9996,87
9997,87
9998,95
9999,93
