0,-28
1,0
2,48
3,38
4,-19
5,-14
6,47
7,83
8,35
9,-53
10,-2
11,-19
12,-23
13,28
14,54
15,6
16,5
17,7
18,105
19,8
20,14
21,70
22,34
23,34
24,1
25,-18
26,46
27,19
28,24
29,26
30,5
31,-50
32,48
33,23
34,-39
35,-3
36,7
37,7
38,-50
39,36
40,-7
41,-20
42,43
43,51
44,30
45,-31
46,57
47,-73
48,1
49,-44
50,-64
51,-14
52,24
53,88
54,97
55,-73
56,34
57,37
58,-18
59,81
60,-17
61,-5
62,-60
63,49
64,23
65,87
66,-14
67,-53
68,46
69,-2
70,83
71,18
72,26
73,-10
74,43
75,24
76,72
77,-11
78,65
79,-8
80,-9
81,-7
82,-66
83,29
84,-16
85,-13
86,-13
87,-31
88,61
89,-3
90,66
91,91
92,-65
93,-7
94,8
95,-33
96,44
97,-43
98,32
99,38
100,71
101,-11
102,36
103,68
104,20
105,17
106,-29
107,82
108,-11
109,33
110,-17
111,18
112,63
113,7
114,95
115,-64
116,-15
117,22
118,87
119,83
120,-25
121,26
122,-15
123,-45
124,-5
125,6
126,85
127,-5
128,-37
129,90
130,28
131,23
132,66
133,26
134,17
135,95
136,-41
137,-43
138,-38
139,73
140,19
141,16
142,6
143,-83
144,91
145,-42
146,-4
147,12
148,83
149,-35
150,34
151,-45
152,85
153,-34
154,-43
155,25
156,60
157,50
158,85
159,81
160,22
161,93
162,16
163,-3
164,48
165,-62
166,74
167,93
168,63
169,55
170,93
171,68
172,89
173,52
174,-31
175,-7
176,39
177,29
178,27
179,87
180,79
181,-19
182,-6
183,95
184,103
185,62
186,51
187,63
188,15
189,31
190,101
191,57
192,87
193,80
194,82
195,44
196,-48
197,-57
198,69
199,25
200,50
201,-39
202,-56
203,17
204,-20
205,85
206,27
207,85
208,33
209,62
210,-5
211,91
212,83
213,-75
214,26
215,60
216,-20
217,-5
218,-41
219,87
220,93
221,-43
222,91
223,22
224,23
225,27
226,85
227,21
228,95
229,-47
230,-18
231,11
232,91
233,-15
234,-64
235,58
236,87
237,41
238,95
239,1
240,0
241,49
242,-2
243,-57
244,83
245,81
246,44
247,103
248,7
249,17
250,101
251,91
252,54
253,-8
254,-56
255,25
256,95
257,87
258,64
259,87
260,91
261,27
262,9
263,-1
264,27
265,32
266,58
267,-11
268,62
269,76
270,81
271,100
272,76
273,-48
274,91
275,95
276,60
277,51
278,47
279,-1
280,49
281,93
282,-14
283,83
284,28
285,101
286,68
287,91
288,13
289,-30
290,19
291,50
292,109
293,87
294,49
295,-10
296,-9
297,85
298,9
299,-34
300,-58
301,12
302,3
303,36
304,-5
305,81
306,18
307,42
308,64
309,38
310,15
311,18
312,87
313,93
314,31
315,42
316,-5
317,33
318,34
319,-44
320,29
321,82
322,2
323,41
324,81
325,-43
326,-30
327,19
328,-10
329,19
330,85
331,34
332,-35
333,30
334,-49
335,37
336,-70
337,85
338,95
339,85
340,-26
341,11
342,91
343,63
344,-12
345,87
346,99
347,-50
348,-2
349,-15
350,21
351,-3
352,95
353,87
354,-88
355,-77
356,0
357,14
358,44
359,0
360,54
361,-42
362,101
363,18
364,67
365,54
366,35
367,-40
368,91
369,-29
370,7
371,-6
372,87
373,89
374,93
375,74
376,26
377,-36
378,-39
379,22
380,83
381,10
382,-51
383,87
384,93
385,6
386,89
387,-2
388,50
389,18
390,2
391,14
392,-2
393,105
394,93
395,-85
396,89
397,70
398,95
399,6
400,15
401,1
402,35
403,50
404,85
405,85
406,73
407,-68
408,89
409,28
410,-9
411,3
412,19
413,-8
414,86
415,77
416,-14
417,85
418,97
419,42
420,34
421,-16
422,7
423,101
424,46
425,-62
426,37
427,-23
428,-13
429,99
430,-36
431,-36
432,82
433,91
434,-31
435,101
436,91
437,2
438,51
439,38
440,91
441,91
442,0
443,-2
444,95
445,101
446,79
447,85
448,89
449,-41
450,89
451,91
452,-15
453,-72
454,0
455,26
456,87
457,91
458,37
459,-5
460,57
461,-3
462,32
463,61
464,12
465,-29
466,-7
467,-4
468,85
469,-51
470,87
471,15
472,89
473,81
474,-29
475,97
476,97
477,58
478,90
479,87
480,-35
481,-22
482,-81
483,30
484,101
485,6
486,99
487,99
488,0
489,17
490,89
491,58
492,-55
493,-44
494,-33
495,95
496,-23
497,79
498,75
499,-28
500,46
501,-78
502,1
503,83
504,99
505,9
506,85
507,46
508,-45
509,-60
510,79
511,9
512,17
513,-4
514,-11
515,93
516,87
517,-28
518,87
519,91
520,-24
521,77
522,-76
523,69
524,3
525,97
526,-57
527,83
528,-2
529,-21
530,93
531,-58
532,-57
533,85
534,20
535,77
536,87
537,-38
538,101
539,-19
540,11
541,-5
542,26
543,28
544,-38
545,71
546,-23
547,30
548,-50
549,93
550,-62
551,103
552,93
553,99
554,91
555,83
556,81
557,-48
558,63
559,25
560,-17
561,-3
562,56
563,93
564,85
565,85
566,95
567,-9
568,97
569,0
570,93
571,95
572,89
573,20
574,89
575,45
576,-3
577,91
578,91
579,-34
580,-53
581,-65
582,95
583,83
584,-65
585,91
586,93
587,61
588,93
589,81
590,-62
591,77
592,91
593,78
594,8
595,67
596,93
597,29
598,-2
599,43
600,-19
601,41
602,-17
603,-43
604,93
605,85
606,-40
607,-43
608,47
609,77
610,8
611,87
612,-38
613,81
614,31
615,56
616,13
617,12
618,89
619,11
620,8
621,-11
622,23
623,87
624,-49
625,58
626,85
627,31
628,-19
629,59
630,89
631,-5
632,9
633,103
634,24
635,71
636,0
637,13
638,53
639,87
640,87
641,-23
642,-62
643,103
644,57
645,-2
646,99
647,95
648,-21
649,7
650,97
651,95
652,35
653,87
654,11
655,79
656,-12
657,85
658,91
659,93
660,89
661,95
662,99
663,87
664,3
665,-1
666,56
667,91
668,32
669,101
670,85
671,91
672,-46
673,87
674,40
675,79
676,20
677,95
678,91
679,-22
680,88
681,87
682,83
683,19
684,36
685,55
686,103
687,91
688,97
689,-66
690,75
691,97
692,79
693,83
694,36
695,0
696,89
697,93
698,20
699,34
700,-10
701,89
702,-20
703,95
704,63
705,-14
706,97
707,-75
708,25
709,87
710,89
711,47
712,-15
713,91
714,89
715,93
716,87
717,-27
718,91
719,91
720,8
721,-13
722,99
723,93
724,10
725,83
726,81
727,91
728,-21
729,99
730,38
731,85
732,89
733,10
734,33
735,83
736,91
737,89
738,93
739,83
740,16
741,-16
742,89
743,85
744,85
745,91
746,99
747,81
748,3
749,45
750,19
751,85
752,8
753,-3
754,83
755,83
756,37
757,91
758,89
759,-19
760,37
761,79
762,15
763,0
764,95
765,83
766,89
767,-16
768,91
769,85
770,0
771,-24
772,16
773,18
774,17
775,91
776,39
777,97
778,101
779,91
780,51
781,40
782,89
783,89
784,91
785,103
786,83
787,85
788,36
789,91
790,1
791,-14
792,94
793,25
794,-45
795,89
796,93
797,85
798,-29
799,91
800,-1
801,24
802,101
803,87
804,-20
805,91
806,93
807,81
808,95
809,103
810,89
811,-30
812,87
813,89
814,26
815,87
816,5
817,-26
818,89
819,-65
820,87
821,89
822,-44
823,79
824,85
825,93
826,17
827,91
828,83
829,97
830,6
831,93
832,49
833,-26
834,107
835,87
836,58
837,-49
838,107
839,101
840,81
841,58
842,85
843,39
844,51
845,-44
846,82
847,87
848,85
849,0
850,26
851,-2
852,45
853,7
854,27
855,93
856,95
857,27
858,87
859,89
860,87
861,42
862,40
863,34
864,77
865,71
866,5
867,31
868,-56
869,97
870,32
871,-62
872,95
873,87
874,87
875,93
876,-30
877,73
878,69
879,83
880,95
881,0
882,91
883,81
884,87
885,85
886,47
887,1
888,-29
889,83
890,83
891,81
892,89
893,34
894,-25
895,101
896,-33
897,93
898,-50
899,-10
900,10
901,-6
902,-7
903,97
904,36
905,83
906,87
907,12
908,69
909,93
910,95
911,66
912,97
913,83
914,91
915,95
916,20
917,93
918,99
919,79
920,18
921,83
922,-6
923,83
924,93
925,99
926,89
927,11
928,8
929,19
930,85
931,95
932,93
933,107
934,68
935,95
936,95
937,97
938,93
939,87
940,-15
941,85
942,95
943,87
944,83
945,83
946,87
947,103
948,89
949,85
950,85
951,83
952,16
953,47
954,93
955,-1
956,87
957,62
958,85
959,-31
960,87
961,107
962,36
963,89
964,85
965,15
966,21
967,89
968,100
969,103
970,10
971,87
972,71
973,85
974,89
975,97
976,85
977,89
978,85
979,16
980,87
981,72
982,93
983,85
984,77
985,36
986,-68
987,83
988,93
989,67
990,89
991,9
992,79
993,95
994,89
995,-22
996,95
997,93
998,99
999,93
1000,-20
1001,10
1002,-35
1003,89
1004,93
1005,85
1006,83
1007,89
1008,-17
1009,101
1010,99
1011,81
1012,85
1013,93
1014,91
1015,24
1016,89
1017,16
1018,6
1019,-17
1020,89
1021,11
1022,5
1023,97
1024,81
1025,-83
1026,91
1027,19
1028,89
1029,-35
1030,56
1031,73
1032,-25
1033,101
1034,85
1035,89
1036,81
1037,105
1038,83
1039,89
1040,93
1041,97
1042,85
1043,95
1044,89
1045,8
1046,79
1047,61
1048,101
1049,2
1050,89
1051,97
1052,97
1053,91
1054,-28
1055,97
1056,-51
1057,95
1058,89
1059,86
1060,89
1061,97
1062,87
1063,-12
1064,91
1065,-8
1066,101
1067,62
1068,-5
1069,93
1070,64
1071,97
1072,85
1073,93
1074,79
1075,89
1076,85
1077,-46
1078,83
1079,-31
1080,12
1081,-20
1082,91
1083,21
1084,24
1085,93
1086,83
1087,-17
1088,-3
1089,99
1090,-25
1091,93
1092,89
1093,91
1094,91
1095,95
1096,59
1097,-14
1098,33
1099,89
1100,72
1101,64
1102,72
1103,97
1104,89
1105,97
1106,83
1107,93
1108,41
1109,83
1110,91
1111,-31
1112,0
1113,87
1114,83
1115,91
1116,81
1117,85
1118,89
1119,99
1120,93
1121,95
1122,-31
1123,66
1124,85
1125,89
1126,-55
1127,-26
1128,79
1129,81
1130,97
1131,83
1132,87
1133,-32
1134,103
1135,103
1136,89
1137,87
1138,79
1139,87
1140,87
1141,-61
1142,97
1143,87
1144,101
1145,87
1146,-41
1147,87
1148,89
1149,89
1150,-19
1151,-13
1152,68
1153,-25
1154,22
1155,79
1156,17
1157,44
1158,83
1159,79
1160,89
1161,36
1162,-37
1163,97
1164,-23
1165,72
1166,89
1167,93
1168,-17
1169,95
1170,91
1171,83
1172,87
1173,22
1174,97
1175,20
1176,93
1177,99
1178,93
1179,64
1180,85
1181,-4
1182,87
1183,89
1184,89
1185,-12
1186,-21
1187,97
1188,87
1189,83
1190,-35
1191,85
1192,91
1193,95
1194,91
1195,101
1196,-41
1197,-37
1198,97
1199,77
1200,95
1201,45
1202,83
1203,81
1204,36
1205,91
1206,-8
1207,87
1208,91
1209,91
1210,89
1211,97
1212,89
1213,31
1214,93
1215,85
1216,81
1217,18
1218,91
1219,79
1220,101
1221,91
1222,87
1223,79
1224,19
1225,107
1226,85
1227,52
1228,93
1229,97
1230,-44
1231,87
1232,83
1233,89
1234,-4
1235,89
1236,88
1237,85
1238,61
1239,85
1240,24
1241,97
1242,95
1243,-53
1244,93
1245,89
1246,-50
1247,87
1248,79
1249,91
1250,-55
1251,95
1252,85
1253,83
1254,81
1255,85
1256,-9
1257,-46
1258,91
1259,85
1260,83
1261,87
1262,89
1263,103
1264,12
1265,87
1266,97
1267,77
1268,91
1269,93
1270,91
1271,85
1272,72
1273,85
1274,95
1275,79
1276,93
1277,-5
1278,91
1279,89
1280,54
1281,87
1282,87
1283,89
1284,81
1285,-61
1286,16
1287,42
1288,91
1289,77
1290,83
1291,87
1292,81
1293,30
1294,31
1295,103
1296,87
1297,95
1298,89
1299,-15
1300,101
1301,89
1302,11
1303,85
1304,89
1305,-18
1306,18
1307,91
1308,59
1309,91
1310,91
1311,77
1312,89
1313,85
1314,85
1315,-16
1316,93
1317,17
1318,83
1319,81
1320,78
1321,85
1322,17
1323,89
1324,87
1325,101
1326,89
1327,93
1328,91
1329,-38
1330,107
1331,87
1332,93
1333,45
1334,93
1335,91
1336,93
1337,-71
1338,85
1339,85
1340,81
1341,87
1342,107
1343,93
1344,83
1345,93
1346,83
1347,-61
1348,93
1349,91
1350,85
1351,101
1352,15
1353,-1
1354,97
1355,-33
1356,4
1357,101
1358,55
1359,93
1360,85
1361,-19
1362,97
1363,85
1364,85
1365,85
1366,87
1367,-18
1368,99
1369,-2
1370,83
1371,89
1372,93
1373,89
1374,95
1375,68
1376,1
1377,0
1378,89
1379,103
1380,87
1381,29
1382,93
1383,38
1384,91
1385,48
1386,85
1387,93
1388,85
1389,105
1390,-16
1391,99
1392,95
1393,8
1394,83
1395,95
1396,89
1397,-21
1398,-31
1399,83
1400,49
1401,33
1402,97
1403,101
1404,91
1405,95
1406,85
1407,93
1408,85
1409,85
1410,89
1411,99
1412,10
1413,4
1414,95
1415,93
1416,87
1417,-22
1418,85
1419,85
1420,95
1421,87
1422,87
1423,91
1424,101
1425,-3
1426,95
1427,98
1428,89
1429,99
1430,40
1431,93
1432,89
1433,91
1434,87
1435,87
1436,-47
1437,-6
1438,93
1439,-40
1440,89
1441,85
1442,85
1443,81
1444,97
1445,93
1446,89
1447,91
1448,95
1449,89
1450,83
1451,83
1452,83
1453,95
1454,87
1455,13
1456,99
1457,99
1458,89
1459,99
1460,89
1461,-14
1462,38
1463,91
1464,93
1465,-39
1466,87
1467,93
1468,105
1469,50
1470,-69
1471,87
1472,95
1473,95
1474,83
1475,93
1476,32
1477,-11
1478,91
1479,91
1480,89
1481,87
1482,85
1483,55
1484,93
1485,87
1486,-53
1487,97
1488,79
1489,89
1490,85
1491,91
1492,-35
1493,41
1494,91
1495,99
1496,91
1497,87
1498,99
1499,85
1500,81
1501,97
1502,89
1503,81
1504,12
1505,93
1506,97
1507,93
1508,87
1509,85
1510,99
1511,91
1512,99
1513,85
1514,89
1515,95
1516,101
1517,91
1518,81
1519,87
1520,83
1521,91
1522,93
1523,87
1524,83
1525,23
1526,91
1527,-33
1528,2
1529,99
1530,81
1531,-14
1532,1
1533,83
1534,91
1535,-35
1536,85
1537,83
1538,49
1539,93
1540,95
1541,87
1542,89
1543,87
1544,83
1545,95
1546,-47
1547,85
1548,89
1549,-47
1550,95
1551,40
1552,91
1553,87
1554,13
1555,93
1556,83
1557,21
1558,-46
1559,93
1560,-43
1561,99
1562,89
1563,83
1564,-77
1565,85
1566,81
1567,105
1568,95
1569,-11
1570,93
1571,93
1572,47
1573,87
1574,87
1575,21
1576,91
1577,31
1578,93
1579,32
1580,87
1581,89
1582,87
1583,101
1584,101
1585,87
1586,79
1587,103
1588,85
1589,91
1590,83
1591,89
1592,97
1593,85
1594,36
1595,89
1596,107
1597,79
1598,93
1599,91
1600,81
1601,17
1602,103
1603,87
1604,87
1605,103
1606,83
1607,93
1608,89
1609,83
1610,87
1611,93
1612,89
1613,85
1614,89
1615,93
1616,83
1617,-14
1618,87
1619,-11
1620,85
1621,85
1622,105
1623,56
1624,67
1625,101
1626,93
1627,93
1628,91
1629,97
1630,89
1631,91
1632,85
1633,93
1634,89
1635,89
1636,91
1637,89
1638,-64
1639,105
1640,93
1641,-62
1642,89
1643,85
1644,101
1645,89
1646,85
1647,81
1648,89
1649,83
1650,93
1651,93
1652,85
1653,97
1654,-31
1655,-64
1656,91
1657,99
1658,83
1659,79
1660,85
1661,85
1662,101
1663,89
1664,85
1665,87
1666,89
1667,95
1668,-52
1669,93
1670,-42
1671,-32
1672,79
1673,89
1674,4
1675,85
1676,93
1677,101
1678,24
1679,91
1680,48
1681,107
1682,28
1683,93
1684,79
1685,93
1686,85
1687,89
1688,83
1689,79
1690,-68
1691,97
1692,89
1693,97
1694,95
1695,93
1696,89
1697,87
1698,81
1699,89
1700,83
1701,87
1702,91
1703,-39
1704,99
1705,93
1706,101
1707,101
1708,93
1709,89
1710,93
1711,81
1712,95
1713,-68
1714,87
1715,93
1716,95
1717,56
1718,3
1719,87
1720,85
1721,-50
1722,7
1723,89
1724,87
1725,91
1726,83
1727,95
1728,83
1729,87
1730,79
1731,85
1732,93
1733,83
1734,83
1735,19
1736,85
1737,93
1738,68
1739,87
1740,83
1741,101
1742,93
1743,85
1744,44
1745,91
1746,83
1747,83
1748,29
1749,89
1750,91
1751,91
1752,99
1753,-9
1754,93
1755,91
1756,91
1757,-10
1758,57
1759,85
1760,87
1761,91
1762,83
1763,79
1764,95
1765,97
1766,85
1767,-49
1768,87
1769,83
1770,81
1771,93
1772,71
1773,89
1774,20
1775,93
1776,83
1777,85
1778,0
1779,91
1780,95
1781,97
1782,89
1783,-32
1784,83
1785,83
1786,83
1787,93
1788,99
1789,95
1790,95
1791,34
1792,-56
1793,83
1794,87
1795,85
1796,93
1797,83
1798,83
1799,77
1800,87
1801,81
1802,85
1803,89
1804,87
1805,87
1806,89
1807,83
1808,15
1809,85
1810,79
1811,79
1812,89
1813,91
1814,91
1815,81
1816,-33
1817,87
1818,35
1819,93
1820,93
1821,93
1822,-6
1823,93
1824,91
1825,93
1826,83
1827,59
1828,81
1829,91
1830,101
1831,91
1832,103
1833,93
1834,95
1835,93
1836,81
1837,95
1838,91
1839,79
1840,95
1841,93
1842,50
1843,83
1844,91
1845,87
1846,77
1847,91
1848,81
1849,34
1850,87
1851,93
1852,87
1853,87
1854,97
1855,85
1856,93
1857,101
1858,99
1859,91
1860,83
1861,83
1862,93
1863,95
1864,-34
1865,89
1866,91
1867,3
1868,95
1869,12
1870,95
1871,27
1872,87
1873,89
1874,81
1875,99
1876,-34
1877,101
1878,95
1879,87
1880,91
1881,38
1882,91
1883,77
1884,91
1885,89
1886,83
1887,91
1888,87
1889,91
1890,89
1891,85
1892,91
1893,87
1894,79
1895,103
1896,93
1897,85
1898,87
1899,81
1900,89
1901,85
1902,89
1903,71
1904,95
1905,79
1906,89
1907,99
1908,91
1909,101
1910,89
1911,19
1912,103
1913,91
1914,87
1915,17
1916,97
1917,95
1918,91
1919,85
1920,93
1921,83
1922,97
1923,-55
1924,79
1925,93
1926,83
1927,97
1928,93
1929,87
1930,97
1931,99
1932,14
1933,105
1934,-59
1935,95
1936,99
1937,87
1938,-8
1939,81
1940,47
1941,97
1942,85
1943,-23
1944,85
1945,79
1946,97
1947,-27
1948,83
1949,91
1950,89
1951,89
1952,95
1953,10
1954,89
1955,93
1956,91
1957,85
1958,89
1959,-41
1960,-25
1961,97
1962,91
1963,45
1964,95
1965,97
1966,79
1967,27
1968,93
1969,97
1970,87
1971,105
1972,89
1973,79
1974,99
1975,85
1976,93
1977,-40
1978,91
1979,93
1980,93
1981,87
1982,79
1983,93
1984,91
1985,87
1986,95
1987,97
1988,87
1989,97
1990,-36
1991,91
1992,91
1993,91
1994,89
1995,87
1996,91
1997,87
1998,33
1999,89
2000,91
2001,89
2002,95
2003,-32
2004,89
2005,93
2006,91
2007,87
2008,83
2009,85
2010,12
2011,83
2012,83
2013,87
2014,97
2015,85
2016,95
2017,93
2018,81
2019,77
2020,75
2021,89
2022,97
2023,95
2024,83
2025,75
2026,99
2027,87
2028,-41
2029,79
2030,87
2031,91
2032,93
2033,87
2034,93
2035,97
2036,68
2037,95
2038,89
2039,83
2040,91
2041,91
2042,89
2043,93
2044,93
2045,87
2046,85
2047,19
2048,89
2049,79
2050,15
2051,10
2052,95
2053,25
2054,105
2055,89
2056,95
2057,89
2058,99
2059,13
2060,83
2061,85
2062,-12
2063,99
2064,97
2065,83
2066,93
2067,91
2068,81
2069,75
2070,87
2071,-47
2072,99
2073,95
2074,83
2075,75
2076,83
2077,55
2078,87
2079,-58
2080,89
2081,103
2082,89
2083,85
2084,91
2085,83
2086,89
2087,33
2088,89
2089,97
2090,101
2091,16
2092,79
2093,72
2094,79
2095,91
2096,79
2097,87
2098,85
2099,93
2100,101
2101,89
2102,85
2103,69
2104,97
2105,-17
2106,87
2107,93
2108,56
2109,33
2110,85
2111,91
2112,89
2113,89
2114,79
2115,12
2116,87
2117,85
2118,91
2119,85
2120,105
2121,97
2122,-55
2123,101
2124,79
2125,89
2126,99
2127,95
2128,91
2129,51
2130,91
2131,25
2132,97
2133,93
2134,95
2135,89
2136,85
2137,77
2138,62
2139,-25
2140,89
2141,83
2142,99
2143,99
2144,83
2145,24
2146,91
2147,83
2148,89
2149,56
2150,85
2151,89
2152,87
2153,81
2154,89
2155,101
2156,87
2157,85
2158,91
2159,99
2160,31
2161,77
2162,93
2163,87
2164,85
2165,87
2166,83
2167,95
2168,83
2169,101
2170,87
2171,85
2172,91
2173,87
2174,89
2175,103
2176,99
2177,97
2178,87
2179,93
2180,99
2181,93
2182,95
2183,87
2184,89
2185,89
2186,99
2187,89
2188,86
2189,97
2190,27
2191,81
2192,101
2193,99
2194,91
2195,-41
2196,77
2197,93
2198,17
2199,87
2200,85
2201,97
2202,91
2203,107
2204,95
2205,85
2206,97
2207,43
2208,87
2209,97
2210,79
2211,95
2212,91
2213,83
2214,95
2215,85
2216,-40
2217,91
2218,-13
2219,91
2220,79
2221,89
2222,95
2223,101
2224,83
2225,107
2226,83
2227,89
2228,93
2229,85
2230,81
2231,85
2232,87
2233,83
2234,93
2235,75
2236,93
2237,89
2238,75
2239,83
2240,85
2241,83
2242,81
2243,87
2244,87
2245,83
2246,83
2247,89
2248,92
2249,81
2250,87
2251,80
2252,93
2253,93
2254,87
2255,79
2256,95
2257,95
2258,85
2259,95
2260,83
2261,91
2262,-73
2263,95
2264,89
2265,85
2266,87
2267,89
2268,97
2269,85
2270,87
2271,103
2272,85
2273,91
2274,89
2275,79
2276,85
2277,97
2278,95
2279,85
2280,25
2281,91
2282,103
2283,85
2284,85
2285,93
2286,85
2287,-1
2288,93
2289,91
2290,91
2291,-19
2292,79
2293,87
2294,101
2295,85
2296,32
2297,77
2298,87
2299,89
2300,95
2301,83
2302,89
2303,99
2304,-52
2305,85
2306,-13
2307,85
2308,85
2309,95
2310,93
2311,99
2312,79
2313,91
2314,89
2315,85
2316,83
2317,97
2318,81
2319,93
2320,87
2321,79
2322,-39
2323,91
2324,93
2325,83
2326,83
2327,83
2328,89
2329,93
2330,89
2331,97
2332,101
2333,87
2334,79
2335,89
2336,87
2337,93
2338,85
2339,99
2340,93
2341,89
2342,97
2343,89
2344,87
2345,57
2346,99
2347,85
2348,99
2349,93
2350,-61
2351,99
2352,97
2353,83
2354,89
2355,85
2356,95
2357,93
2358,44
2359,97
2360,87
2361,91
2362,-37
2363,91
2364,-59
2365,97
2366,83
2367,95
2368,91
2369,83
2370,87
2371,89
2372,91
2373,89
2374,87
2375,85
2376,101
2377,36
2378,87
2379,93
2380,93
2381,57
2382,85
2383,85
2384,87
2385,87
2386,79
2387,85
2388,77
2389,87
2390,87
2391,87
2392,87
2393,91
2394,43
2395,87
2396,89
2397,89
2398,87
2399,85
2400,93
2401,83
2402,91
2403,93
2404,99
2405,83
2406,97
2407,81
2408,89
2409,81
2410,85
2411,91
2412,93
2413,89
2414,83
2415,87
2416,91
2417,105
2418,97
2419,79
2420,101
2421,77
2422,87
2423,95
2424,89
2425,83
2426,95
2427,89
2428,87
2429,81
2430,89
2431,87
2432,89
2433,83
2434,87
2435,95
2436,79
2437,-10
2438,85
2439,-3
2440,91
2441,93
2442,77
2443,87
2444,95
2445,95
2446,83
2447,91
2448,97
2449,91
2450,95
2451,91
2452,87
2453,91
2454,107
2455,87
2456,87
2457,97
2458,87
2459,93
2460,97
2461,101
2462,93
2463,85
2464,97
2465,89
2466,97
2467,87
2468,93
2469,91
2470,31
2471,79
2472,85
2473,89
2474,99
2475,88
2476,103
2477,89
2478,0
2479,85
2480,93
2481,-1
2482,91
2483,97
2484,89
2485,89
2486,93
2487,81
2488,77
2489,95
2490,97
2491,89
2492,97
2493,85
2494,85
2495,91
2496,87
2497,97
2498,95
2499,95
2500,85
2501,83
2502,83
2503,87
2504,5
2505,83
2506,91
2507,95
2508,93
2509,85
2510,93
2511,95
2512,91
2513,28
2514,83
2515,89
2516,90
2517,39
2518,52
2519,2
2520,0
2521,85
2522,16
2523,89
2524,81
2525,99
2526,89
2527,83
2528,89
2529,85
2530,91
2531,63
2532,91
2533,87
2534,93
2535,105
2536,95
2537,89
2538,27
2539,99
2540,91
2541,79
2542,89
2543,91
2544,87
2545,89
2546,95
2547,89
2548,85
2549,89
2550,91
2551,83
2552,91
2553,99
2554,87
2555,87
2556,89
2557,83
2558,85
2559,81
2560,81
2561,54
2562,89
2563,105
2564,93
2565,83
2566,101
2567,91
2568,83
2569,81
2570,87
2571,97
2572,91
2573,105
2574,85
2575,97
2576,93
2577,91
2578,87
2579,93
2580,93
2581,85
2582,93
2583,95
2584,89
2585,91
2586,97
2587,91
2588,91
2589,85
2590,91
2591,33
2592,91
2593,89
2594,97
2595,93
2596,107
2597,99
2598,95
2599,91
2600,85
2601,85
2602,81
2603,97
2604,101
2605,89
2606,93
2607,89
2608,91
2609,89
2610,89
2611,87
2612,89
2613,83
2614,103
2615,97
2616,91
2617,83
2618,95
2619,97
2620,103
2621,85
2622,85
2623,83
2624,89
2625,97
2626,89
2627,85
2628,87
2629,89
2630,87
2631,87
2632,83
2633,87
2634,95
2635,87
2636,89
2637,91
2638,87
2639,91
2640,77
2641,93
2642,77
2643,95
2644,97
2645,81
2646,85
2647,95
2648,85
2649,89
2650,93
2651,91
2652,95
2653,97
2654,101
2655,89
2656,99
2657,91
2658,81
2659,93
2660,85
2661,85
2662,95
2663,93
2664,87
2665,91
2666,91
2667,89
2668,87
2669,97
2670,85
2671,89
2672,83
2673,83
2674,91
2675,81
2676,87
2677,83
2678,87
2679,87
2680,101
2681,93
2682,95
2683,83
2684,89
2685,87
2686,93
2687,99
2688,101
2689,89
2690,85
2691,93
2692,97
2693,81
2694,89
2695,87
2696,91
2697,57
2698,91
2699,85
2700,95
2701,91
2702,83
2703,93
2704,97
2705,81
2706,89
2707,87
2708,85
2709,97
2710,103
2711,97
2712,83
2713,89
2714,87
2715,103
2716,81
2717,95
2718,83
2719,52
2720,91
2721,95
2722,101
2723,91
2724,83
2725,89
2726,89
2727,97
2728,87
2729,93
2730,101
2731,95
2732,91
2733,89
2734,89
2735,91
2736,97
2737,91
2738,89
2739,85
2740,85
2741,97
2742,87
2743,99
2744,91
2745,87
2746,91
2747,107
2748,99
2749,91
2750,91
2751,87
2752,87
2753,89
2754,81
2755,79
2756,87
2757,91
2758,83
2759,93
2760,97
2761,93
2762,85
2763,85
2764,87
2765,77
2766,87
2767,95
2768,18
2769,81
2770,27
2771,77
2772,95
2773,83
2774,87
2775,89
2776,95
2777,81
2778,97
2779,97
2780,77
2781,89
2782,79
2783,91
2784,89
2785,93
2786,77
2787,105
2788,97
2789,91
2790,81
2791,85
2792,83
2793,89
2794,87
2795,89
2796,101
2797,95
2798,85
2799,101
2800,85
2801,83
2802,85
2803,101
2804,95
2805,101
2806,85
2807,95
2808,97
2809,101
2810,85
2811,87
2812,101
2813,93
2814,83
2815,77
2816,91
2817,87
2818,85
2819,95
2820,87
2821,91
2822,93
2823,93
2824,89
2825,99
2826,85
2827,91
2828,85
2829,89
2830,95
2831,77
2832,93
2833,87
2834,85
2835,83
2836,103
2837,83
2838,87
2839,85
2840,87
2841,89
2842,87
2843,95
2844,87
2845,83
2846,105
2847,89
2848,83
2849,67
2850,89
2851,95
2852,87
2853,35
2854,97
2855,99
2856,95
2857,87
2858,93
2859,99
2860,85
2861,95
2862,85
2863,83
2864,83
2865,83
2866,95
2867,101
2868,89
2869,79
2870,95
2871,85
2872,95
2873,103
2874,93
2875,89
2876,95
2877,93
2878,81
2879,99
2880,95
2881,103
2882,87
2883,83
2884,95
2885,87
2886,99
2887,93
2888,85
2889,95
2890,91
2891,91
2892,93
2893,89
2894,85
2895,67
2896,83
2897,83
2898,89
2899,105
2900,89
2901,89
2902,79
2903,93
2904,81
2905,89
2906,79
2907,-14
2908,99
2909,87
2910,87
2911,91
2912,91
2913,95
2914,89
2915,85
2916,101
2917,81
2918,87
2919,93
2920,85
2921,79
2922,103
2923,99
2924,85
2925,91
2926,87
2927,97
2928,83
2929,79
2930,93
2931,93
2932,103
2933,81
2934,79
2935,87
2936,79
2937,99
2938,77
2939,81
2940,87
2941,97
2942,55
2943,91
2944,77
2945,77
2946,89
2947,91
2948,95
2949,103
2950,87
2951,85
2952,85
2953,87
2954,93
2955,95
2956,91
2957,89
2958,83
2959,97
2960,85
2961,79
2962,93
2963,-8
2964,99
2965,91
2966,89
2967,85
2968,81
2969,93
2970,-49
2971,75
2972,91
2973,85
2974,95
2975,89
2976,87
2977,97
2978,83
2979,91
2980,85
2981,89
2982,95
2983,89
2984,93
2985,101
2986,87
2987,79
2988,91
2989,95
2990,67
2991,91
2992,91
2993,95
2994,83
2995,83
2996,83
2997,95
2998,87
2999,87
3000,99
3001,83
3002,87
3003,93
3004,79
3005,89
3006,85
3007,87
3008,85
3009,-5
3010,95
3011,97
3012,91
3013,93
3014,99
3015,89
3016,60
3017,89
3018,87
3019,91
3020,81
3021,99
3022,89
3023,91
3024,81
3025,91
3026,-27
3027,-10
3028,87
3029,74
3030,99
3031,89
3032,107
3033,83
3034,93
3035,85
3036,53
3037,97
3038,85
3039,97
3040,91
3041,99
3042,99
3043,97
3044,87
3045,97
3046,107
3047,89
3048,81
3049,93
3050,79
3051,81
3052,97
3053,105
3054,89
3055,81
3056,93
3057,85
3058,91
3059,95
3060,89
3061,95
3062,95
3063,87
3064,89
3065,85
3066,89
3067,93
3068,87
3069,95
3070,97
3071,101
3072,95
3073,83
3074,91
3075,83
3076,89
3077,89
3078,79
3079,95
3080,85
3081,85
3082,89
3083,83
3084,87
3085,85
3086,89
3087,89
3088,99
3089,85
3090,97
3091,89
3092,81
3093,89
3094,83
3095,101
3096,89
3097,79
3098,85
3099,93
3100,81
3101,95
3102,83
3103,103
3104,101
3105,95
3106,89
3107,87
3108,87
3109,87
3110,85
3111,87
3112,83
3113,87
3114,89
3115,85
3116,89
3117,93
3118,77
3119,91
3120,87
3121,91
3122,87
3123,95
3124,83
3125,89
3126,93
3127,91
3128,81
3129,97
3130,87
3131,30
3132,89
3133,97
3134,89
3135,55
3136,93
3137,93
3138,93
3139,85
3140,21
3141,95
3142,91
3143,95
3144,87
3145,81
3146,-38
3147,93
3148,85
3149,99
3150,89
3151,93
3152,97
3153,85
3154,93
3155,93
3156,91
3157,89
3158,95
3159,85
3160,101
3161,91
3162,89
3163,87
3164,79
3165,91
3166,79
3167,95
3168,91
3169,101
3170,97
3171,79
3172,89
3173,95
3174,79
3175,87
3176,81
3177,91
3178,81
3179,91
3180,85
3181,95
3182,91
3183,97
3184,87
3185,101
3186,107
3187,97
3188,83
3189,97
3190,85
3191,93
3192,93
3193,87
3194,-19
3195,83
3196,95
3197,87
3198,91
3199,83
3200,93
3201,81
3202,101
3203,91
3204,79
3205,87
3206,81
3207,79
3208,93
3209,95
3210,89
3211,101
3212,85
3213,87
3214,95
3215,107
3216,99
3217,87
3218,91
3219,107
3220,89
3221,85
3222,89
3223,99
3224,91
3225,91
3226,95
3227,81
3228,101
3229,81
3230,89
3231,83
3232,95
3233,83
3234,91
3235,83
3236,95
3237,81
3238,85
3239,81
3240,93
3241,89
3242,87
3243,99
3244,95
3245,87
3246,79
3247,91
3248,103
3249,95
3250,-49
3251,93
3252,81
3253,81
3254,93
3255,87
3256,93
3257,87
3258,99
3259,83
3260,91
3261,89
3262,99
3263,91
3264,95
3265,89
3266,91
3267,87
3268,107
3269,85
3270,89
3271,89
3272,85
3273,89
3274,85
3275,85
3276,87
3277,81
3278,93
3279,89
3280,93
3281,91
3282,87
3283,-25
3284,101
3285,85
3286,81
3287,85
3288,83
3289,99
3290,79
3291,95
3292,97
3293,85
3294,87
3295,93
3296,83
3297,93
3298,91
3299,87
3300,89
3301,101
3302,93
3303,89
3304,89
3305,97
3306,95
3307,83
3308,87
3309,87
3310,95
3311,87
3312,85
3313,93
3314,91
3315,93
3316,97
3317,95
3318,99
3319,93
3320,79
3321,93
3322,83
3323,87
3324,87
3325,91
3326,99
3327,83
3328,89
3329,85
3330,87
3331,93
3332,93
3333,85
3334,85
3335,75
3336,95
3337,95
3338,91
3339,95
3340,91
3341,79
3342,105
3343,89
3344,87
3345,95
3346,87
3347,95
3348,95
3349,93
3350,89
3351,103
3352,89
3353,91
3354,91
3355,101
3356,93
3357,83
3358,87
3359,95
3360,89
3361,87
3362,89
3363,81
3364,95
3365,85
3366,81
3367,95
3368,95
3369,85
3370,83
3371,93
3372,93
3373,87
3374,87
3375,83
3376,91
3377,83
3378,97
3379,85
3380,93
3381,87
3382,19
3383,91
3384,64
3385,87
3386,81
3387,91
3388,87
3389,95
3390,83
3391,85
3392,89
3393,103
3394,87
3395,-18
3396,77
3397,79
3398,83
3399,79
3400,93
3401,7
3402,103
3403,95
3404,91
3405,89
3406,93
3407,87
3408,83
3409,95
3410,85
3411,87
3412,97
3413,87
3414,93
3415,93
3416,85
3417,91
3418,89
3419,93
3420,91
3421,87
3422,83
3423,81
3424,89
3425,87
3426,97
3427,93
3428,79
3429,81
3430,91
3431,83
3432,85
3433,83
3434,83
3435,95
3436,77
3437,91
3438,79
3439,97
3440,89
3441,95
3442,89
3443,95
3444,83
3445,97
3446,99
3447,83
3448,97
3449,91
3450,95
3451,91
3452,81
3453,81
3454,83
3455,83
3456,85
3457,81
3458,87
3459,93
3460,93
3461,85
3462,95
3463,83
3464,85
3465,91
3466,93
3467,99
3468,83
3469,87
3470,83
3471,93
3472,95
3473,91
3474,91
3475,91
3476,93
3477,105
3478,95
3479,91
3480,85
3481,95
3482,95
3483,85
3484,99
3485,83
3486,81
3487,93
3488,87
3489,87
3490,91
3491,89
3492,83
3493,91
3494,95
3495,85
3496,93
3497,97
3498,91
3499,87
3500,89
3501,99
3502,87
3503,91
3504,87
3505,97
3506,97
3507,81
3508,91
3509,83
3510,93
3511,97
3512,89
3513,91
3514,77
3515,85
3516,89
3517,99
3518,91
3519,81
3520,81
3521,89
3522,91
3523,79
3524,87
3525,85
3526,97
3527,81
3528,95
3529,83
3530,81
3531,85
3532,81
3533,87
3534,97
3535,91
3536,91
3537,83
3538,83
3539,95
3540,91
3541,93
3542,-20
3543,58
3544,95
3545,87
3546,83
3547,91
3548,89
3549,85
3550,89
3551,103
3552,85
3553,93
3554,83
3555,87
3556,89
3557,53
3558,87
3559,91
3560,81
3561,87
3562,91
3563,91
3564,87
3565,99
3566,93
3567,87
3568,93
3569,91
3570,89
3571,87
3572,7
3573,91
3574,85
3575,93
3576,103
3577,89
3578,85
3579,87
3580,87
3581,89
3582,91
3583,87
3584,95
3585,85
3586,89
3587,91
3588,85
3589,87
3590,93
3591,101
3592,92
3593,40
3594,1
3595,0
3596,95
3597,99
3598,81
3599,97
3600,81
3601,91
3602,97
3603,83
3604,89
3605,93
3606,95
3607,79
3608,101
3609,89
3610,-8
3611,103
3612,89
3613,95
3614,79
3615,85
3616,89
3617,95
3618,93
3619,95
3620,83
3621,97
3622,89
3623,87
3624,91
3625,105
3626,107
3627,87
3628,85
3629,89
3630,95
3631,85
3632,91
3633,89
3634,93
3635,91
3636,79
3637,83
3638,83
3639,87
3640,93
3641,85
3642,85
3643,79
3644,83
3645,91
3646,87
3647,89
3648,83
3649,87
3650,87
3651,93
3652,83
3653,103
3654,91
3655,79
3656,95
3657,81
3658,101
3659,91
3660,95
3661,85
3662,89
3663,99
3664,77
3665,99
3666,89
3667,81
3668,95
3669,95
3670,85
3671,79
3672,87
3673,83
3674,97
3675,79
3676,95
3677,87
3678,85
3679,44
3680,87
3681,93
3682,87
3683,83
3684,89
3685,85
3686,89
3687,99
3688,93
3689,83
3690,91
3691,87
3692,99
3693,99
3694,95
3695,79
3696,93
3697,95
3698,93
3699,91
3700,85
3701,87
3702,85
3703,85
3704,77
3705,81
3706,97
3707,95
3708,81
3709,87
3710,93
3711,101
3712,97
3713,91
3714,32
3715,95
3716,81
3717,81
3718,89
3719,81
3720,87
3721,93
3722,83
3723,87
3724,87
3725,87
3726,85
3727,91
3728,97
3729,91
3730,85
3731,97
3732,91
3733,87
3734,91
3735,83
3736,97
3737,93
3738,95
3739,97
3740,89
3741,89
3742,81
3743,83
3744,85
3745,89
3746,105
3747,83
3748,85
3749,95
3750,79
3751,81
3752,99
3753,83
3754,81
3755,83
3756,87
3757,79
3758,95
3759,97
3760,99
3761,91
3762,105
3763,85
3764,91
3765,97
3766,97
3767,97
3768,77
3769,81
3770,93
3771,87
3772,95
3773,93
3774,89
3775,91
3776,83
3777,93
3778,93
3779,99
3780,89
3781,93
3782,89
3783,97
3784,91
3785,81
3786,89
3787,83
3788,85
3789,87
3790,89
3791,87
3792,87
3793,97
3794,87
3795,29
3796,81
3797,87
3798,85
3799,83
3800,93
3801,91
3802,95
3803,81
3804,83
3805,79
3806,85
3807,89
3808,-15
3809,77
3810,89
3811,85
3812,95
3813,87
3814,87
3815,97
3816,97
3817,85
3818,97
3819,79
3820,91
3821,85
3822,85
3823,85
3824,93
3825,99
3826,83
3827,87
3828,87
3829,93
3830,83
3831,91
3832,91
3833,87
3834,91
3835,83
3836,91
3837,101
3838,87
3839,83
3840,81
3841,97
3842,87
3843,79
3844,93
3845,87
3846,99
3847,91
3848,-18
3849,89
3850,93
3851,91
3852,83
3853,89
3854,91
3855,87
3856,97
3857,87
3858,93
3859,14
3860,87
3861,77
3862,95
3863,87
3864,93
3865,89
3866,93
3867,91
3868,95
3869,87
3870,99
3871,83
3872,85
3873,89
3874,83
3875,85
3876,87
3877,79
3878,81
3879,89
3880,97
3881,87
3882,101
3883,89
3884,77
3885,89
3886,89
3887,93
3888,93
3889,85
3890,81
3891,85
3892,87
3893,79
3894,85
3895,97
3896,103
3897,97
3898,83
3899,91
3900,87
3901,93
3902,89
3903,89
3904,-21
3905,87
3906,95
3907,99
3908,81
3909,91
3910,93
3911,79
3912,91
3913,83
3914,91
3915,93
3916,91
3917,95
3918,83
3919,87
3920,83
3921,101
3922,81
3923,93
3924,83
3925,91
3926,89
3927,91
3928,99
3929,95
3930,89
3931,89
3932,81
3933,-59
3934,89
3935,95
3936,91
3937,85
3938,97
3939,87
3940,81
3941,87
3942,95
3943,87
3944,89
3945,85
3946,85
3947,83
3948,89
3949,79
3950,83
3951,93
3952,87
3953,85
3954,81
3955,91
3956,81
3957,95
3958,97
3959,91
3960,99
3961,83
3962,91
3963,61
3964,83
3965,89
3966,87
3967,83
3968,89
3969,95
3970,91
3971,91
3972,95
3973,93
3974,53
3975,93
3976,89
3977,93
3978,83
3979,91
3980,85
3981,91
3982,99
3983,93
3984,89
3985,89
3986,91
3987,85
3988,87
3989,-69
3990,89
3991,81
3992,87
3993,103
3994,85
3995,89
3996,91
3997,83
3998,97
3999,87
4000,89
4001,93
4002,85
4003,-25
4004,93
4005,91
4006,91
4007,87
4008,87
4009,95
4010,99
4011,89
4012,89
4013,99
4014,89
4015,89
4016,93
4017,95
4018,95
4019,89
4020,77
4021,75
4022,79
4023,85
4024,91
4025,81
4026,87
4027,99
4028,95
4029,91
4030,87
4031,95
4032,87
4033,81
4034,93
4035,61
4036,93
4037,91
4038,91
4039,87
4040,81
4041,97
4042,81
4043,91
4044,81
4045,89
4046,89
4047,89
4048,85
4049,83
4050,89
4051,83
4052,91
4053,29
4054,97
4055,91
4056,97
4057,91
4058,87
4059,87
4060,93
4061,93
4062,97
4063,93
4064,85
4065,87
4066,87
4067,85
4068,93
4069,89
4070,89
4071,81
4072,99
4073,93
4074,93
4075,85
4076,85
4077,97
4078,-17
4079,85
4080,89
4081,85
4082,75
4083,103
4084,79
4085,97
4086,87
4087,99
4088,87
4089,101
4090,85
4091,93
4092,93
4093,81
4094,87
4095,85
4096,83
4097,83
4098,93
4099,91
4100,95
4101,89
4102,97
4103,85
4104,93
4105,95
4106,101
4107,93
4108,85
4109,85
4110,91
4111,89
4112,95
4113,87
4114,83
4115,81
4116,87
4117,93
4118,93
4119,85
4120,83
4121,95
4122,99
4123,91
4124,91
4125,83
4126,97
4127,95
4128,97
4129,95
4130,93
4131,85
4132,95
4133,77
4134,93
4135,87
4136,89
4137,91
4138,91
4139,99
4140,87
4141,95
4142,87
4143,91
4144,97
4145,85
4146,97
4147,95
4148,87
4149,87
4150,79
4151,97
4152,85
4153,93
4154,95
4155,99
4156,79
4157,83
4158,95
4159,41
4160,85
4161,99
4162,87
4163,103
4164,91
4165,93
4166,97
4167,87
4168,81
4169,99
4170,81
4171,97
4172,85
4173,105
4174,89
4175,91
4176,91
4177,93
4178,89
4179,93
4180,81
4181,87
4182,91
4183,89
4184,83
4185,93
4186,79
4187,83
4188,85
4189,91
4190,101
4191,91
4192,85
4193,93
4194,81
4195,79
4196,99
4197,97
4198,95
4199,97
4200,99
4201,87
4202,83
4203,95
4204,97
4205,89
4206,77
4207,97
4208,97
4209,75
4210,79
4211,93
4212,87
4213,87
4214,93
4215,89
4216,85
4217,97
4218,77
4219,95
4220,83
4221,99
4222,99
4223,87
4224,95
4225,85
4226,89
4227,91
4228,91
4229,85
4230,87
4231,89
4232,79
4233,85
4234,85
4235,79
4236,81
4237,95
4238,85
4239,85
4240,19
4241,95
4242,87
4243,93
4244,101
4245,93
4246,91
4247,101
4248,89
4249,99
4250,83
4251,103
4252,95
4253,93
4254,91
4255,103
4256,83
4257,97
4258,95
4259,93
4260,101
4261,99
4262,87
4263,101
4264,89
4265,99
4266,93
4267,99
4268,95
4269,83
4270,87
4271,89
4272,89
4273,83
4274,101
4275,87
4276,87
4277,91
4278,95
4279,83
4280,83
4281,99
4282,99
4283,107
4284,85
4285,99
4286,107
4287,93
4288,101
4289,93
4290,81
4291,89
4292,83
4293,83
4294,95
4295,91
4296,99
4297,83
4298,91
4299,79
4300,97
4301,85
4302,79
4303,103
4304,89
4305,81
4306,87
4307,85
4308,95
4309,89
4310,95
4311,103
4312,85
4313,77
4314,81
4315,83
4316,83
4317,91
4318,97
4319,97
4320,85
4321,91
4322,89
4323,107
4324,97
4325,95
4326,91
4327,81
4328,91
4329,89
4330,89
4331,97
4332,103
4333,91
4334,91
4335,87
4336,107
4337,87
4338,99
4339,87
4340,81
4341,85
4342,93
4343,83
4344,81
4345,93
4346,99
4347,93
4348,91
4349,91
4350,77
4351,93
4352,87
4353,95
4354,89
4355,85
4356,85
4357,101
4358,89
4359,95
4360,87
4361,93
4362,91
4363,83
4364,89
4365,89
4366,105
4367,97
4368,85
4369,95
4370,77
4371,85
4372,87
4373,85
4374,79
4375,85
4376,103
4377,83
4378,95
4379,77
4380,103
4381,89
4382,107
4383,52
4384,87
4385,83
4386,91
4387,83
4388,87
4389,95
4390,91
4391,81
4392,91
4393,87
4394,93
4395,85
4396,101
4397,91
4398,95
4399,79
4400,97
4401,87
4402,89
4403,83
4404,87
4405,89
4406,83
4407,93
4408,95
4409,79
4410,83
4411,85
4412,93
4413,101
4414,89
4415,103
4416,103
4417,16
4418,83
4419,95
4420,85
4421,87
4422,91
4423,91
4424,93
4425,91
4426,85
4427,81
4428,85
4429,83
4430,83
4431,-15
4432,85
4433,85
4434,89
4435,83
4436,91
4437,21
4438,81
4439,99
4440,103
4441,93
4442,85
4443,89
4444,97
4445,85
4446,95
4447,89
4448,85
4449,95
4450,83
4451,85
4452,89
4453,81
4454,91
4455,89
4456,97
4457,95
4458,103
4459,83
4460,83
4461,87
4462,91
4463,87
4464,95
4465,-18
4466,99
4467,87
4468,99
4469,77
4470,85
4471,79
4472,91
4473,87
4474,89
4475,95
4476,77
4477,79
4478,89
4479,81
4480,89
4481,87
4482,85
4483,95
4484,91
4485,83
4486,93
4487,91
4488,97
4489,87
4490,83
4491,91
4492,89
4493,85
4494,85
4495,93
4496,85
4497,83
4498,81
4499,89
4500,79
4501,89
4502,91
4503,95
4504,95
4505,89
4506,93
4507,91
4508,93
4509,91
4510,83
4511,91
4512,97
4513,93
4514,87
4515,95
4516,93
4517,95
4518,95
4519,87
4520,87
4521,101
4522,91
4523,103
4524,85
4525,93
4526,99
4527,79
4528,85
4529,87
4530,87
4531,97
4532,89
4533,83
4534,83
4535,85
4536,85
4537,95
4538,95
4539,93
4540,91
4541,-17
4542,89
4543,89
4544,87
4545,93
4546,87
4547,81
4548,95
4549,95
4550,93
4551,97
4552,103
4553,93
4554,103
4555,95
4556,89
4557,89
4558,91
4559,85
4560,87
4561,101
4562,93
4563,93
4564,103
4565,87
4566,97
4567,99
4568,89
4569,89
4570,81
4571,103
4572,85
4573,95
4574,85
4575,91
4576,89
4577,89
4578,85
4579,79
4580,89
4581,85
4582,83
4583,83
4584,81
4585,87
4586,85
4587,95
4588,91
4589,91
4590,97
4591,89
4592,81
4593,87
4594,97
4595,101
4596,89
4597,103
4598,87
4599,89
4600,89
4601,89
4602,93
4603,85
4604,79
4605,83
4606,99
4607,91
4608,83
4609,83
4610,87
4611,93
4612,93
4613,107
4614,97
4615,85
4616,85
4617,85
4618,81
4619,87
4620,85
4621,85
4622,87
4623,85
4624,93
4625,79
4626,83
4627,89
4628,89
4629,97
4630,107
4631,85
4632,93
4633,93
4634,87
4635,89
4636,91
4637,87
4638,89
4639,87
4640,95
4641,31
4642,89
4643,91
4644,97
4645,81
4646,95
4647,87
4648,83
4649,95
4650,91
4651,79
4652,93
4653,85
4654,93
4655,85
4656,95
4657,89
4658,91
4659,89
4660,99
4661,89
4662,79
4663,95
4664,97
4665,53
4666,22
4667,0
4668,89
4669,89
4670,89
4671,93
4672,89
4673,89
4674,89
4675,87
4676,85
4677,85
4678,83
4679,87
4680,87
4681,91
4682,85
4683,105
4684,97
4685,91
4686,95
4687,91
4688,81
4689,91
4690,93
4691,97
4692,89
4693,83
4694,87
4695,89
4696,87
4697,83
4698,93
4699,95
4700,87
4701,97
4702,83
4703,87
4704,81
4705,93
4706,95
4707,89
4708,91
4709,89
4710,89
4711,87
4712,85
4713,85
4714,87
4715,91
4716,91
4717,93
4718,95
4719,105
4720,83
4721,97
4722,101
4723,85
4724,97
4725,105
4726,101
4727,97
4728,81
4729,83
4730,81
4731,85
4732,89
4733,93
4734,87
4735,105
4736,79
4737,97
4738,89
4739,91
4740,95
4741,-44
4742,39
4743,93
4744,95
4745,95
4746,89
4747,85
4748,97
4749,95
4750,83
4751,89
4752,81
4753,87
4754,93
4755,83
4756,93
4757,83
4758,89
4759,85
4760,87
4761,95
4762,77
4763,93
4764,91
4765,87
4766,87
4767,85
4768,87
4769,81
4770,91
4771,103
4772,-37
4773,97
4774,83
4775,85
4776,77
4777,83
4778,83
4779,87
4780,91
4781,77
4782,89
4783,87
4784,95
4785,89
4786,87
4787,83
4788,101
4789,95
4790,85
4791,97
4792,91
4793,97
4794,91
4795,91
4796,85
4797,91
4798,81
4799,89
4800,87
4801,97
4802,95
4803,95
4804,101
4805,85
4806,89
4807,93
4808,97
4809,85
4810,79
4811,83
4812,83
4813,93
4814,87
4815,79
4816,87
4817,89
4818,97
4819,79
4820,95
4821,95
4822,87
4823,89
4824,75
4825,91
4826,97
4827,93
4828,95
4829,89
4830,97
4831,81
4832,85
4833,83
4834,107
4835,83
4836,93
4837,81
4838,85
4839,83
4840,83
4841,89
4842,97
4843,81
4844,101
4845,91
4846,95
4847,93
4848,91
4849,89
4850,103
4851,83
4852,83
4853,95
4854,87
4855,95
4856,95
4857,87
4858,81
4859,83
4860,85
4861,97
4862,83
4863,87
4864,93
4865,89
4866,89
4867,83
4868,95
4869,77
4870,83
4871,91
4872,83
4873,99
4874,76
4875,81
4876,89
4877,95
4878,85
4879,85
4880,87
4881,95
4882,85
4883,91
4884,93
4885,95
4886,87
4887,91
4888,83
4889,89
4890,85
4891,89
4892,85
4893,87
4894,97
4895,97
4896,87
4897,79
4898,87
4899,93
4900,89
4901,99
4902,93
4903,81
4904,91
4905,91
4906,97
4907,93
4908,95
4909,87
4910,101
4911,89
4912,91
4913,81
4914,75
4915,85
4916,91
4917,81
4918,89
4919,89
4920,91
4921,83
4922,73
4923,97
4924,97
4925,83
4926,79
4927,97
4928,91
4929,103
4930,91
4931,93
4932,81
4933,81
4934,101
4935,97
4936,91
4937,87
4938,105
4939,97
4940,89
4941,83
4942,97
4943,81
4944,99
4945,95
4946,87
4947,97
4948,85
4949,87
4950,87
4951,97
4952,87
4953,93
4954,83
4955,95
4956,97
4957,87
4958,89
4959,97
4960,93
4961,85
4962,105
4963,101
4964,63
4965,83
4966,85
4967,107
4968,99
4969,91
4970,87
4971,101
4972,85
4973,85
4974,99
4975,99
4976,87
4977,87
4978,83
4979,89
4980,95
4981,83
4982,85
4983,85
4984,91
4985,85
4986,105
4987,83
4988,93
4989,89
4990,89
4991,91
4992,91
4993,95
4994,93
4995,83
4996,89
4997,93
4998,81
4999,107
5000,97
5001,83
5002,89
5003,91
5004,93
5005,93
5006,87
5007,87
5008,85
5009,89
5010,79
5011,93
5012,101
5013,99
5014,85
5015,87
5016,97
5017,87
5018,-2
5019,91
5020,101
5021,81
5022,93
5023,85
5024,85
5025,85
5026,85
5027,83
5028,77
5029,81
5030,83
5031,85
5032,91
5033,93
5034,99
5035,79
5036,87
5037,101
5038,97
5039,89
5040,93
5041,93
5042,93
5043,97
5044,81
5045,91
5046,97
5047,91
5048,89
5049,93
5050,89
5051,91
5052,83
5053,91
5054,83
5055,79
5056,83
5057,87
5058,97
5059,91
5060,87
5061,107
5062,77
5063,77
5064,103
5065,89
5066,28
5067,93
5068,89
5069,95
5070,81
5071,87
5072,85
5073,87
5074,97
5075,95
5076,89
5077,83
5078,87
5079,44
5080,99
5081,91
5082,89
5083,99
5084,89
5085,87
5086,83
5087,87
5088,99
5089,89
5090,91
5091,91
5092,107
5093,93
5094,91
5095,83
5096,89
5097,91
5098,95
5099,81
5100,85
5101,83
5102,93
5103,87
5104,95
5105,89
5106,87
5107,89
5108,93
5109,83
5110,87
5111,93
5112,83
5113,83
5114,81
5115,91
5116,95
5117,87
5118,85
5119,81
5120,89
5121,89
5122,97
5123,83
5124,89
5125,85
5126,83
5127,91
5128,91
5129,91
5130,85
5131,87
5132,101
5133,85
5134,101
5135,103
5136,91
5137,101
5138,91
5139,93
5140,89
5141,89
5142,97
5143,79
5144,89
5145,81
5146,91
5147,97
5148,101
5149,97
5150,95
5151,83
5152,87
5153,83
5154,91
5155,83
5156,99
5157,81
5158,93
5159,91
5160,95
5161,97
5162,87
5163,99
5164,99
5165,87
5166,85
5167,101
5168,101
5169,79
5170,85
5171,93
5172,85
5173,87
5174,87
5175,91
5176,89
5177,75
5178,83
5179,85
5180,91
5181,81
5182,85
5183,87
5184,91
5185,85
5186,85
5187,93
5188,91
5189,95
5190,89
5191,89
5192,105
5193,91
5194,85
5195,91
5196,95
5197,99
5198,95
5199,85
5200,87
5201,101
5202,93
5203,97
5204,91
5205,79
5206,79
5207,83
5208,81
5209,91
5210,107
5211,93
5212,95
5213,89
5214,77
5215,97
5216,85
5217,83
5218,91
5219,103
5220,91
5221,71
5222,97
5223,81
5224,101
5225,99
5226,85
5227,95
5228,81
5229,89
5230,85
5231,85
5232,81
5233,95
5234,101
5235,89
5236,91
5237,85
5238,91
5239,95
5240,89
5241,91
5242,73
5243,99
5244,91
5245,99
5246,97
5247,87
5248,85
5249,87
5250,83
5251,87
5252,89
5253,85
5254,105
5255,83
5256,89
5257,91
5258,83
5259,99
5260,91
5261,83
5262,87
5263,85
5264,91
5265,91
5266,83
5267,93
5268,91
5269,91
5270,93
5271,89
5272,87
5273,91
5274,81
5275,91
5276,85
5277,89
5278,93
5279,93
5280,85
5281,83
5282,99
5283,95
5284,87
5285,83
5286,83
5287,101
5288,97
5289,-9
5290,87
5291,95
5292,91
5293,83
5294,87
5295,83
5296,93
5297,91
5298,105
5299,95
5300,93
5301,91
5302,91
5303,89
5304,93
5305,83
5306,79
5307,85
5308,89
5309,85
5310,93
5311,99
5312,87
5313,99
5314,97
5315,95
5316,79
5317,91
5318,97
5319,83
5320,83
5321,93
5322,87
5323,83
5324,85
5325,95
5326,97
5327,83
5328,101
5329,91
5330,93
5331,91
5332,89
5333,99
5334,87
5335,87
5336,87
5337,87
5338,87
5339,87
5340,83
5341,89
5342,83
5343,85
5344,97
5345,85
5346,93
5347,95
5348,81
5349,91
5350,89
5351,87
5352,89
5353,85
5354,77
5355,87
5356,81
5357,89
5358,101
5359,85
5360,93
5361,89
5362,95
5363,83
5364,93
5365,101
5366,89
5367,97
5368,79
5369,85
5370,87
5371,97
5372,99
5373,83
5374,91
5375,95
5376,89
5377,87
5378,97
5379,87
5380,91
5381,95
5382,93
5383,89
5384,95
5385,95
5386,87
5387,93
5388,91
5389,85
5390,95
5391,101
5392,89
5393,99
5394,95
5395,107
5396,87
5397,85
5398,87
5399,83
5400,93
5401,83
5402,95
5403,83
5404,83
5405,91
5406,91
5407,87
5408,101
5409,93
5410,89
5411,107
5412,79
5413,79
5414,87
5415,91
5416,91
5417,99
5418,91
5419,91
5420,81
5421,95
5422,87
5423,91
5424,83
5425,91
5426,85
5427,85
5428,89
5429,89
5430,83
5431,89
5432,91
5433,91
5434,83
5435,95
5436,99
5437,103
5438,87
5439,89
5440,97
5441,85
5442,93
5443,95
5444,83
5445,79
5446,93
5447,97
5448,91
5449,85
5450,89
5451,77
5452,89
5453,93
5454,97
5455,79
5456,95
5457,97
5458,93
5459,95
5460,85
5461,99
5462,81
5463,93
5464,83
5465,91
5466,81
5467,97
5468,89
5469,85
5470,79
5471,79
5472,83
5473,85
5474,83
5475,85
5476,85
5477,91
5478,95
5479,95
5480,93
5481,93
5482,93
5483,95
5484,93
5485,79
5486,91
5487,99
5488,91
5489,93
5490,79
5491,85
5492,85
5493,89
5494,83
5495,85
5496,81
5497,85
5498,93
5499,89
5500,91
5501,93
5502,83
5503,75
5504,87
5505,91
5506,91
5507,81
5508,85
5509,79
5510,95
5511,83
5512,83
5513,87
5514,91
5515,93
5516,95
5517,91
5518,83
5519,87
5520,87
5521,81
5522,85
5523,103
5524,89
5525,93
5526,81
5527,87
5528,75
5529,91
5530,83
5531,91
5532,85
5533,83
5534,89
5535,83
5536,83
5537,97
5538,95
5539,91
5540,85
5541,87
5542,91
5543,99
5544,87
5545,89
5546,85
5547,95
5548,89
5549,91
5550,83
5551,93
5552,91
5553,87
5554,97
5555,97
5556,95
5557,85
5558,91
5559,87
5560,97
5561,91
5562,89
5563,99
5564,95
5565,81
5566,97
5567,83
5568,95
5569,91
5570,97
5571,87
5572,97
5573,95
5574,85
5575,93
5576,83
5577,91
5578,87
5579,107
5580,85
5581,71
5582,95
5583,89
5584,87
5585,89
5586,77
5587,81
5588,87
5589,83
5590,91
5591,101
5592,89
5593,89
5594,93
5595,103
5596,85
5597,93
5598,93
5599,93
5600,89
5601,103
5602,95
5603,83
5604,97
5605,89
5606,91
5607,89
5608,83
5609,97
5610,97
5611,87
5612,101
5613,105
5614,91
5615,89
5616,87
5617,95
5618,85
5619,81
5620,99
5621,95
5622,89
5623,83
5624,89
5625,85
5626,87
5627,79
5628,91
5629,97
5630,91
5631,89
5632,103
5633,87
5634,93
5635,93
5636,89
5637,103
5638,97
5639,89
5640,95
5641,85
5642,89
5643,91
5644,99
5645,91
5646,87
5647,99
5648,93
5649,93
5650,85
5651,91
5652,87
5653,83
5654,85
5655,91
5656,87
5657,89
5658,83
5659,83
5660,85
5661,85
5662,91
5663,99
5664,85
5665,85
5666,87
5667,97
5668,91
5669,99
5670,97
5671,101
5672,89
5673,93
5674,89
5675,89
5676,83
5677,95
5678,87
5679,91
5680,93
5681,89
5682,79
5683,89
5684,93
5685,93
5686,95
5687,83
5688,81
5689,81
5690,83
5691,97
5692,91
5693,87
5694,91
5695,91
5696,99
5697,97
5698,89
5699,95
5700,81
5701,89
5702,93
5703,93
5704,79
5705,89
5706,91
5707,79
5708,95
5709,81
5710,105
5711,85
5712,81
5713,103
5714,93
5715,81
5716,83
5717,91
5718,93
5719,89
5720,101
5721,87
5722,83
5723,83
5724,93
5725,87
5726,95
5727,89
5728,95
5729,54
5730,1
5731,0
5732,91
5733,83
5734,83
5735,91
5736,91
5737,93
5738,87
5739,89
5740,95
5741,89
5742,79
5743,89
5744,89
5745,87
5746,87
5747,79
5748,107
5749,91
5750,97
5751,93
5752,81
5753,99
5754,87
5755,89
5756,-31
5757,81
5758,103
5759,97
5760,93
5761,101
5762,87
5763,91
5764,93
5765,93
5766,85
5767,99
5768,95
5769,85
5770,89
5771,89
5772,81
5773,81
5774,95
5775,87
5776,75
5777,93
5778,89
5779,91
5780,99
5781,95
5782,91
5783,87
5784,89
5785,91
5786,87
5787,83
5788,87
5789,79
5790,-6
5791,89
5792,99
5793,83
5794,83
5795,79
5796,85
5797,99
5798,89
5799,89
5800,91
5801,89
5802,97
5803,85
5804,81
5805,99
5806,73
5807,87
5808,87
5809,87
5810,97
5811,93
5812,91
5813,91
5814,85
5815,91
5816,93
5817,89
5818,99
5819,91
5820,91
5821,93
5822,93
5823,89
5824,89
5825,99
5826,93
5827,85
5828,97
5829,103
5830,89
5831,89
5832,93
5833,91
5834,85
5835,93
5836,79
5837,89
5838,99
5839,79
5840,89
5841,83
5842,93
5843,89
5844,87
5845,87
5846,89
5847,91
5848,93
5849,85
5850,87
5851,97
5852,79
5853,91
5854,95
5855,105
5856,99
5857,95
5858,93
5859,101
5860,97
5861,89
5862,93
5863,85
5864,93
5865,85
5866,89
5867,79
5868,85
5869,89
5870,85
5871,87
5872,91
5873,83
5874,91
5875,95
5876,101
5877,99
5878,85
5879,89
5880,85
5881,91
5882,93
5883,95
5884,87
5885,93
5886,85
5887,89
5888,85
5889,89
5890,77
5891,87
5892,93
5893,89
5894,85
5895,97
5896,101
5897,103
5898,95
5899,87
5900,87
5901,77
5902,93
5903,83
5904,81
5905,93
5906,91
5907,85
5908,93
5909,97
5910,89
5911,83
5912,93
5913,91
5914,91
5915,93
5916,93
5917,93
5918,95
5919,99
5920,85
5921,83
5922,83
5923,95
5924,87
5925,95
5926,91
5927,95
5928,101
5929,105
5930,99
5931,93
5932,95
5933,107
5934,85
5935,87
5936,107
5937,91
5938,93
5939,85
5940,91
5941,95
5942,81
5943,93
5944,93
5945,89
5946,91
5947,81
5948,93
5949,93
5950,77
5951,91
5952,101
5953,91
5954,85
5955,89
5956,91
5957,97
5958,91
5959,89
5960,87
5961,101
5962,97
5963,83
5964,89
5965,85
5966,91
5967,95
5968,79
5969,83
5970,83
5971,79
5972,89
5973,85
5974,93
5975,87
5976,89
5977,93
5978,79
5979,83
5980,95
5981,91
5982,87
5983,93
5984,91
5985,97
5986,89
5987,93
5988,87
5989,89
5990,93
5991,89
5992,95
5993,83
5994,103
5995,93
5996,97
5997,91
5998,93
5999,87
6000,101
6001,85
6002,95
6003,89
6004,89
6005,87
6006,97
6007,83
6008,89
6009,83
6010,81
6011,89
6012,93
6013,85
6014,97
6015,103
6016,87
6017,89
6018,89
6019,81
6020,81
6021,91
6022,93
6023,87
6024,91
6025,95
6026,93
6027,85
6028,95
6029,83
6030,87
6031,89
6032,89
6033,99
6034,85
6035,87
6036,85
6037,97
6038,89
6039,79
6040,87
6041,25
6042,81
6043,89
6044,87
6045,95
6046,91
6047,95
6048,89
6049,83
6050,85
6051,97
6052,93
6053,79
6054,79
6055,77
6056,85
6057,83
6058,89
6059,91
6060,101
6061,99
6062,103
6063,89
6064,89
6065,87
6066,89
6067,81
6068,89
6069,91
6070,83
6071,95
6072,89
6073,85
6074,81
6075,87
6076,79
6077,85
6078,87
6079,81
6080,97
6081,91
6082,99
6083,87
6084,97
6085,87
6086,95
6087,83
6088,85
6089,83
6090,89
6091,87
6092,89
6093,97
6094,91
6095,95
6096,81
6097,75
6098,97
6099,89
6100,93
6101,99
6102,101
6103,85
6104,85
6105,95
6106,85
6107,99
6108,81
6109,91
6110,81
6111,85
6112,87
6113,91
6114,93
6115,87
6116,87
6117,81
6118,89
6119,81
6120,85
6121,97
6122,89
6123,89
6124,87
6125,85
6126,97
6127,95
6128,93
6129,83
6130,87
6131,89
6132,103
6133,91
6134,93
6135,89
6136,93
6137,87
6138,85
6139,89
6140,105
6141,87
6142,91
6143,101
6144,97
6145,91
6146,85
6147,79
6148,91
6149,87
6150,87
6151,87
6152,97
6153,95
6154,81
6155,93
6156,87
6157,99
6158,97
6159,89
6160,89
6161,97
6162,97
6163,85
6164,81
6165,91
6166,83
6167,97
6168,91
6169,87
6170,79
6171,87
6172,97
6173,91
6174,93
6175,85
6176,89
6177,87
6178,99
6179,93
6180,87
6181,85
6182,107
6183,89
6184,87
6185,81
6186,93
6187,105
6188,87
6189,97
6190,93
6191,93
6192,89
6193,83
6194,97
6195,93
6196,93
6197,105
6198,83
6199,85
6200,91
6201,97
6202,95
6203,93
6204,77
6205,79
6206,97
6207,91
6208,91
6209,87
6210,89
6211,97
6212,97
6213,93
6214,89
6215,85
6216,89
6217,89
6218,99
6219,89
6220,93
6221,85
6222,97
6223,91
6224,97
6225,89
6226,87
6227,91
6228,85
6229,89
6230,83
6231,97
6232,97
6233,93
6234,93
6235,93
6236,87
6237,89
6238,83
6239,85
6240,83
6241,81
6242,91
6243,83
6244,91
6245,89
6246,85
6247,87
6248,93
6249,97
6250,99
6251,107
6252,83
6253,83
6254,99
6255,93
6256,81
6257,87
6258,85
6259,107
6260,93
6261,99
6262,81
6263,99
6264,97
6265,79
6266,87
6267,81
6268,97
6269,87
6270,81
6271,89
6272,85
6273,87
6274,95
6275,87
6276,93
6277,87
6278,83
6279,85
6280,95
6281,91
6282,99
6283,89
6284,83
6285,91
6286,97
6287,89
6288,89
6289,83
6290,87
6291,97
6292,95
6293,87
6294,107
6295,87
6296,79
6297,87
6298,91
6299,87
6300,85
6301,99
6302,97
6303,85
6304,91
6305,97
6306,79
6307,93
6308,93
6309,91
6310,77
6311,99
6312,85
6313,89
6314,83
6315,91
6316,85
6317,89
6318,89
6319,91
6320,91
6321,91
6322,79
6323,81
6324,89
6325,93
6326,89
6327,87
6328,97
6329,85
6330,91
6331,91
6332,83
6333,85
6334,101
6335,89
6336,97
6337,89
6338,81
6339,81
6340,99
6341,97
6342,99
6343,89
6344,89
6345,103
6346,83
6347,93
6348,87
6349,83
6350,85
6351,89
6352,93
6353,95
6354,83
6355,95
6356,99
6357,87
6358,87
6359,93
6360,83
6361,83
6362,99
6363,85
6364,89
6365,97
6366,93
6367,99
6368,83
6369,87
6370,95
6371,89
6372,83
6373,89
6374,87
6375,93
6376,85
6377,83
6378,103
6379,89
6380,87
6381,81
6382,89
6383,85
6384,99
6385,91
6386,105
6387,93
6388,89
6389,81
6390,87
6391,97
6392,83
6393,87
6394,91
6395,83
6396,93
6397,91
6398,83
6399,97
6400,81
6401,89
6402,85
6403,81
6404,83
6405,107
6406,91
6407,97
6408,91
6409,85
6410,91
6411,91
6412,85
6413,85
6414,89
6415,85
6416,79
6417,91
6418,77
6419,93
6420,93
6421,97
6422,89
6423,91
6424,89
6425,95
6426,85
6427,81
6428,87
6429,79
6430,99
6431,77
6432,87
6433,99
6434,87
6435,87
6436,91
6437,81
6438,107
6439,103
6440,91
6441,91
6442,95
6443,91
6444,87
6445,87
6446,83
6447,81
6448,85
6449,89
6450,91
6451,101
6452,79
6453,93
6454,91
6455,79
6456,93
6457,87
6458,91
6459,81
6460,85
6461,93
6462,91
6463,85
6464,79
6465,85
6466,91
6467,89
6468,91
6469,87
6470,81
6471,83
6472,87
6473,97
6474,85
6475,75
6476,91
6477,87
6478,89
6479,91
6480,79
6481,79
6482,83
6483,83
6484,85
6485,89
6486,91
6487,81
6488,99
6489,87
6490,81
6491,97
6492,95
6493,101
6494,99
6495,93
6496,91
6497,93
6498,87
6499,89
6500,87
6501,83
6502,87
6503,87
6504,81
6505,89
6506,89
6507,93
6508,101
6509,83
6510,87
6511,89
6512,87
6513,91
6514,95
6515,83
6516,93
6517,85
6518,87
6519,87
6520,91
6521,99
6522,83
6523,87
6524,93
6525,93
6526,95
6527,91
6528,85
6529,91
6530,77
6531,89
6532,77
6533,95
6534,83
6535,85
6536,93
6537,83
6538,97
6539,91
6540,89
6541,91
6542,93
6543,95
6544,79
6545,85
6546,93
6547,95
6548,81
6549,89
6550,91
6551,89
6552,105
6553,95
6554,101
6555,83
6556,81
6557,85
6558,79
6559,83
6560,101
6561,83
6562,81
6563,85
6564,87
6565,97
6566,79
6567,91
6568,81
6569,95
6570,89
6571,87
6572,83
6573,91
6574,85
6575,85
6576,85
6577,81
6578,93
6579,97
6580,87
6581,91
6582,93
6583,95
6584,97
6585,103
6586,79
6587,85
6588,89
6589,93
6590,83
6591,85
6592,93
6593,87
6594,83
6595,85
6596,85
6597,97
6598,89
6599,89
6600,105
6601,85
6602,91
6603,89
6604,93
6605,93
6606,89
6607,103
6608,93
6609,83
6610,91
6611,93
6612,95
6613,95
6614,79
6615,93
6616,91
6617,81
6618,101
6619,93
6620,77
6621,103
6622,101
6623,95
6624,91
6625,89
6626,93
6627,83
6628,91
6629,85
6630,95
6631,91
6632,103
6633,93
6634,79
6635,85
6636,85
6637,101
6638,91
6639,83
6640,81
6641,87
6642,83
6643,85
6644,85
6645,99
6646,87
6647,93
6648,93
6649,87
6650,85
6651,89
6652,91
6653,89
6654,91
6655,93
6656,89
6657,79
6658,85
6659,87
6660,97
6661,87
6662,89
6663,95
6664,83
6665,85
6666,89
6667,89
6668,91
6669,91
6670,99
6671,85
6672,87
6673,95
6674,87
6675,85
6676,91
6677,85
6678,91
6679,91
6680,93
6681,91
6682,87
6683,87
6684,83
6685,95
6686,91
6687,89
6688,85
6689,83
6690,87
6691,97
6692,87
6693,103
6694,87
6695,99
6696,83
6697,91
6698,91
6699,91
6700,87
6701,85
6702,99
6703,97
6704,85
6705,87
6706,87
6707,91
6708,95
6709,89
6710,87
6711,93
6712,85
6713,99
6714,85
6715,83
6716,97
6717,85
6718,99
6719,85
6720,87
6721,85
6722,93
6723,97
6724,81
6725,93
6726,87
6727,91
6728,87
6729,89
6730,85
6731,89
6732,93
6733,99
6734,85
6735,93
6736,97
6737,83
6738,89
6739,95
6740,83
6741,93
6742,97
6743,87
6744,89
6745,95
6746,107
6747,99
6748,95
6749,85
6750,87
6751,89
6752,103
6753,81
6754,83
6755,95
6756,87
6757,97
6758,107
6759,101
6760,99
6761,87
6762,85
6763,91
6764,85
6765,87
6766,87
6767,35
6768,85
6769,85
6770,83
6771,97
6772,87
6773,93
6774,95
6775,93
6776,89
6777,95
6778,95
6779,97
6780,93
6781,93
6782,91
6783,83
6784,87
6785,91
6786,85
6787,87
6788,91
6789,87
6790,94
6791,22
6792,4
6793,0
6794,95
6795,85
6796,83
6797,89
6798,91
6799,89
6800,91
6801,81
6802,83
6803,93
6804,83
6805,83
6806,83
6807,91
6808,91
6809,75
6810,91
6811,89
6812,95
6813,93
6814,99
6815,91
6816,93
6817,89
6818,85
6819,89
6820,83
6821,93
6822,87
6823,87
6824,89
6825,93
6826,89
6827,89
6828,81
6829,89
6830,91
6831,87
6832,91
6833,93
6834,95
6835,85
6836,85
6837,85
6838,83
6839,99
6840,89
6841,83
6842,79
6843,93
6844,93
6845,79
6846,91
6847,75
6848,89
6849,93
6850,77
6851,91
6852,75
6853,91
6854,93
6855,93
6856,89
6857,79
6858,85
6859,89
6860,91
6861,89
6862,83
6863,91
6864,85
6865,95
6866,89
6867,93
6868,85
6869,105
6870,83
6871,91
6872,85
6873,89
6874,91
6875,97
6876,79
6877,93
6878,97
6879,91
6880,83
6881,83
6882,87
6883,93
6884,89
6885,81
6886,83
6887,91
6888,87
6889,91
6890,91
6891,79
6892,99
6893,87
6894,85
6895,87
6896,83
6897,103
6898,89
6899,97
6900,85
6901,81
6902,97
6903,85
6904,87
6905,87
6906,89
6907,95
6908,95
6909,89
6910,93
6911,81
6912,101
6913,81
6914,95
6915,97
6916,85
6917,85
6918,83
6919,83
6920,89
6921,87
6922,89
6923,93
6924,93
6925,87
6926,89
6927,85
6928,87
6929,89
6930,87
6931,87
6932,97
6933,79
6934,99
6935,89
6936,85
6937,83
6938,93
6939,95
6940,95
6941,89
6942,83
6943,89
6944,83
6945,95
6946,89
6947,93
6948,89
6949,105
6950,95
6951,87
6952,85
6953,93
6954,85
6955,85
6956,93
6957,91
6958,81
6959,93
6960,99
6961,101
6962,85
6963,91
6964,89
6965,77
6966,95
6967,83
6968,85
6969,85
6970,91
6971,101
6972,89
6973,91
6974,95
6975,97
6976,91
6977,99
6978,85
6979,91
6980,81
6981,83
6982,93
6983,93
6984,93
6985,81
6986,83
6987,79
6988,105
6989,89
6990,93
6991,97
6992,81
6993,85
6994,87
6995,93
6996,97
6997,91
6998,83
6999,99
7000,107
7001,91
7002,93
7003,87
7004,83
7005,97
7006,89
7007,89
7008,79
7009,103
7010,81
7011,91
7012,89
7013,99
7014,89
7015,93
7016,93
7017,91
7018,93
7019,93
7020,85
7021,89
7022,83
7023,93
7024,89
7025,83
7026,97
7027,87
7028,83
7029,97
7030,91
7031,81
7032,81
7033,93
7034,87
7035,89
7036,105
7037,93
7038,85
7039,91
7040,73
7041,97
7042,83
7043,97
7044,103
7045,95
7046,95
7047,85
7048,85
7049,87
7050,87
7051,85
7052,99
7053,79
7054,93
7055,89
7056,83
7057,91
7058,89
7059,81
7060,93
7061,105
7062,79
7063,93
7064,91
7065,95
7066,87
7067,97
7068,87
7069,85
7070,99
7071,95
7072,83
7073,85
7074,99
7075,87
7076,91
7077,87
7078,93
7079,95
7080,85
7081,79
7082,99
7083,81
7084,83
7085,95
7086,89
7087,89
7088,91
7089,89
7090,81
7091,103
7092,89
7093,83
7094,87
7095,97
7096,93
7097,85
7098,87
7099,93
7100,93
7101,87
7102,87
7103,91
7104,83
7105,93
7106,99
7107,81
7108,91
7109,97
7110,93
7111,91
7112,89
7113,85
7114,89
7115,87
7116,85
7117,87
7118,103
7119,91
7120,83
7121,103
7122,87
7123,79
7124,79
7125,95
7126,85
7127,87
7128,93
7129,93
7130,97
7131,83
7132,85
7133,95
7134,93
7135,83
7136,99
7137,95
7138,83
7139,91
7140,95
7141,87
7142,89
7143,89
7144,83
7145,87
7146,77
7147,89
7148,93
7149,93
7150,91
7151,89
7152,93
7153,95
7154,93
7155,93
7156,89
7157,87
7158,97
7159,93
7160,81
7161,91
7162,85
7163,89
7164,85
7165,91
7166,87
7167,89
7168,95
7169,87
7170,89
7171,97
7172,83
7173,87
7174,97
7175,83
7176,91
7177,97
7178,91
7179,89
7180,97
7181,87
7182,101
7183,87
7184,99
7185,81
7186,83
7187,89
7188,89
7189,99
7190,83
7191,95
7192,101
7193,93
7194,87
7195,99
7196,91
7197,97
7198,101
7199,91
7200,95
7201,91
7202,91
7203,93
7204,85
7205,95
7206,91
7207,87
7208,89
7209,101
7210,93
7211,103
7212,93
7213,95
7214,87
7215,97
7216,95
7217,91
7218,91
7219,87
7220,95
7221,85
7222,85
7223,87
7224,93
7225,93
7226,87
7227,77
7228,93
7229,81
7230,83
7231,85
7232,87
7233,83
7234,87
7235,89
7236,87
7237,85
7238,87
7239,85
7240,85
7241,97
7242,89
7243,83
7244,85
7245,81
7246,93
7247,93
7248,93
7249,95
7250,91
7251,85
7252,79
7253,85
7254,85
7255,91
7256,83
7257,95
7258,103
7259,89
7260,97
7261,91
7262,89
7263,87
7264,87
7265,91
7266,87
7267,95
7268,93
7269,85
7270,93
7271,91
7272,91
7273,89
7274,103
7275,91
7276,97
7277,97
7278,81
7279,93
7280,99
7281,83
7282,101
7283,83
7284,89
7285,89
7286,93
7287,85
7288,85
7289,89
7290,89
7291,97
7292,93
7293,93
7294,91
7295,95
7296,89
7297,85
7298,83
7299,99
7300,97
7301,87
7302,85
7303,93
7304,79
7305,87
7306,91
7307,95
7308,93
7309,85
7310,87
7311,87
7312,91
7313,91
7314,101
7315,89
7316,93
7317,87
7318,89
7319,95
7320,89
7321,85
7322,81
7323,85
7324,89
7325,89
7326,89
7327,81
7328,97
7329,93
7330,103
7331,83
7332,87
7333,93
7334,97
7335,81
7336,85
7337,91
7338,97
7339,87
7340,97
7341,91
7342,87
7343,93
7344,89
7345,87
7346,91
7347,79
7348,91
7349,89
7350,91
7351,85
7352,89
7353,91
7354,85
7355,89
7356,87
7357,93
7358,101
7359,89
7360,89
7361,81
7362,93
7363,93
7364,81
7365,87
7366,89
7367,91
7368,97
7369,87
7370,81
7371,95
7372,97
7373,91
7374,87
7375,89
7376,79
7377,99
7378,85
7379,79
7380,103
7381,91
7382,101
7383,93
7384,93
7385,85
7386,99
7387,85
7388,91
7389,89
7390,85
7391,97
7392,87
7393,77
7394,89
7395,99
7396,87
7397,87
7398,91
7399,93
7400,85
7401,89
7402,87
7403,91
7404,95
7405,87
7406,85
7407,93
7408,93
7409,81
7410,85
7411,95
7412,91
7413,103
7414,93
7415,89
7416,95
7417,99
7418,95
7419,93
7420,103
7421,95
7422,87
7423,89
7424,97
7425,89
7426,99
7427,89
7428,81
7429,97
7430,87
7431,91
7432,91
7433,91
7434,95
7435,85
7436,89
7437,87
7438,93
7439,91
7440,93
7441,93
7442,81
7443,85
7444,83
7445,81
7446,97
7447,91
7448,95
7449,95
7450,91
7451,83
7452,99
7453,95
7454,87
7455,107
7456,83
7457,89
7458,87
7459,85
7460,89
7461,89
7462,103
7463,91
7464,91
7465,89
7466,81
7467,91
7468,89
7469,83
7470,107
7471,89
7472,95
7473,89
7474,97
7475,93
7476,85
7477,87
7478,83
7479,85
7480,87
7481,87
7482,97
7483,93
7484,101
7485,89
7486,83
7487,105
7488,87
7489,97
7490,95
7491,85
7492,83
7493,95
7494,83
7495,89
7496,89
7497,87
7498,85
7499,89
7500,91
7501,91
7502,89
7503,97
7504,101
7505,93
7506,81
7507,101
7508,97
7509,77
7510,97
7511,87
7512,97
7513,95
7514,93
7515,85
7516,85
7517,95
7518,101
7519,83
7520,87
7521,87
7522,87
7523,83
7524,93
7525,77
7526,89
7527,89
7528,83
7529,83
7530,93
7531,91
7532,87
7533,87
7534,87
7535,93
7536,97
7537,97
7538,81
7539,77
7540,87
7541,85
7542,85
7543,85
7544,103
7545,99
7546,81
7547,95
7548,83
7549,95
7550,81
7551,85
7552,87
7553,99
7554,97
7555,97
7556,87
7557,93
7558,83
7559,89
7560,77
7561,95
7562,97
7563,103
7564,99
7565,79
7566,93
7567,99
7568,101
7569,81
7570,91
7571,83
7572,85
7573,75
7574,81
7575,87
7576,87
7577,107
7578,93
7579,97
7580,85
7581,89
7582,87
7583,99
7584,83
7585,87
7586,79
7587,95
7588,77
7589,97
7590,85
7591,83
7592,89
7593,101
7594,87
7595,95
7596,91
7597,89
7598,89
7599,87
7600,97
7601,79
7602,87
7603,93
7604,91
7605,85
7606,91
7607,97
7608,91
7609,91
7610,105
7611,101
7612,81
7613,95
7614,89
7615,97
7616,93
7617,91
7618,89
7619,85
7620,95
7621,77
7622,97
7623,91
7624,95
7625,85
7626,91
7627,89
7628,89
7629,93
7630,93
7631,85
7632,95
7633,83
7634,89
7635,95
7636,83
7637,93
7638,77
7639,81
7640,83
7641,87
7642,85
7643,85
7644,89
7645,85
7646,89
7647,101
7648,101
7649,101
7650,89
7651,105
7652,85
7653,93
7654,95
7655,83
7656,91
7657,97
7658,93
7659,89
7660,83
7661,87
7662,91
7663,93
7664,91
7665,93
7666,97
7667,83
7668,81
7669,95
7670,85
7671,91
7672,85
7673,101
7674,87
7675,95
7676,95
7677,89
7678,85
7679,85
7680,91
7681,93
7682,89
7683,91
7684,89
7685,83
7686,93
7687,83
7688,87
7689,95
7690,85
7691,91
7692,91
7693,87
7694,91
7695,89
7696,93
7697,83
7698,91
7699,89
7700,101
7701,81
7702,97
7703,85
7704,93
7705,81
7706,97
7707,85
7708,85
7709,97
7710,87
7711,85
7712,107
7713,79
7714,89
7715,81
7716,77
7717,81
7718,89
7719,89
7720,89
7721,93
7722,107
7723,99
7724,85
7725,89
7726,103
7727,93
7728,97
7729,85
7730,79
7731,87
7732,85
7733,93
7734,89
7735,81
7736,89
7737,97
7738,93
7739,81
7740,89
7741,103
7742,81
7743,97
7744,91
7745,79
7746,95
7747,89
7748,79
7749,81
7750,97
7751,83
7752,89
7753,89
7754,89
7755,89
7756,81
7757,103
7758,91
7759,91
7760,101
7761,105
7762,87
7763,101
7764,85
7765,79
7766,95
7767,81
7768,87
7769,91
7770,93
7771,87
7772,95
7773,89
7774,103
7775,93
7776,85
7777,89
7778,89
7779,89
7780,89
7781,87
7782,93
7783,93
7784,101
7785,89
7786,81
7787,99
7788,91
7789,87
7790,89
7791,83
7792,85
7793,89
7794,95
7795,85
7796,75
7797,91
7798,81
7799,91
7800,83
7801,83
7802,95
7803,85
7804,81
7805,83
7806,93
7807,91
7808,81
7809,91
7810,87
7811,87
7812,87
7813,97
7814,93
7815,99
7816,89
7817,83
7818,85
7819,85
7820,87
7821,93
7822,97
7823,77
7824,83
7825,79
7826,97
7827,97
7828,99
7829,81
7830,83
7831,103
7832,99
7833,93
7834,91
7835,81
7836,91
7837,85
7838,93
7839,105
7840,95
7841,99
7842,75
7843,89
7844,93
7845,97
7846,91
7847,85
7848,87
7849,97
7850,100
7851,-53
7852,58
7853,0
7854,93
7855,95
7856,93
7857,87
7858,99
7859,93
7860,93
7861,91
7862,81
7863,95
7864,85
7865,93
7866,83
7867,97
7868,105
7869,81
7870,93
7871,87
7872,89
7873,83
7874,91
7875,87
7876,97
7877,83
7878,81
7879,89
7880,87
7881,81
7882,81
7883,81
7884,83
7885,87
7886,99
7887,95
7888,83
7889,89
7890,89
7891,81
7892,97
7893,97
7894,83
7895,97
7896,97
7897,91
7898,87
7899,89
7900,85
7901,81
7902,97
7903,87
7904,85
7905,91
7906,79
7907,83
7908,93
7909,91
7910,105
7911,91
7912,93
7913,89
7914,87
7915,89
7916,81
7917,91
7918,93
7919,83
7920,91
7921,93
7922,93
7923,93
7924,87
7925,89
7926,105
7927,101
7928,97
7929,91
7930,81
7931,83
7932,87
7933,83
7934,87
7935,83
7936,83
7937,101
7938,97
7939,91
7940,83
7941,89
7942,89
7943,93
7944,83
7945,83
7946,89
7947,87
7948,87
7949,77
7950,95
7951,91
7952,87
7953,91
7954,87
7955,91
7956,97
7957,91
7958,91
7959,101
7960,95
7961,87
7962,87
7963,91
7964,91
7965,87
7966,87
7967,85
7968,89
7969,97
7970,95
7971,85
7972,79
7973,97
7974,93
7975,93
7976,97
7977,89
7978,89
7979,91
7980,83
7981,87
7982,93
7983,91
7984,91
7985,95
7986,95
7987,87
7988,89
7989,79
7990,95
7991,93
7992,99
7993,91
7994,83
7995,91
7996,89
7997,75
7998,93
7999,91
8000,91
8001,87
8002,89
8003,103
8004,89
8005,85
8006,103
8007,87
8008,95
8009,83
8010,89
8011,95
8012,87
8013,95
8014,97
8015,85
8016,99
8017,97
8018,91
8019,87
8020,97
8021,97
8022,87
8023,83
8024,97
8025,91
8026,91
8027,81
8028,91
8029,79
8030,85
8031,93
8032,79
8033,87
8034,93
8035,99
8036,85
8037,89
8038,97
8039,91
8040,91
8041,79
8042,93
8043,93
8044,95
8045,87
8046,81
8047,95
8048,79
8049,83
8050,91
8051,85
8052,95
8053,91
8054,81
8055,81
8056,97
8057,89
8058,87
8059,81
8060,91
8061,81
8062,99
8063,83
8064,93
8065,97
8066,87
8067,83
8068,93
8069,93
8070,103
8071,87
8072,95
8073,87
8074,79
8075,99
8076,85
8077,87
8078,87
8079,83
8080,93
8081,95
8082,93
8083,75
8084,103
8085,87
8086,91
8087,93
8088,89
8089,97
8090,77
8091,87
8092,97
8093,99
8094,93
8095,89
8096,95
8097,97
8098,99
8099,93
8100,97
8101,91
8102,85
8103,93
8104,87
8105,89
8106,97
8107,81
8108,79
8109,93
8110,103
8111,89
8112,107
8113,93
8114,87
8115,95
8116,91
8117,75
8118,87
8119,97
8120,91
8121,89
8122,87
8123,91
8124,85
8125,87
8126,95
8127,99
8128,91
8129,107
8130,79
8131,81
8132,87
8133,83
8134,91
8135,95
8136,97
8137,93
8138,91
8139,87
8140,93
8141,97
8142,87
8143,89
8144,95
8145,77
8146,81
8147,89
8148,87
8149,89
8150,81
8151,85
8152,89
8153,83
8154,99
8155,89
8156,93
8157,83
8158,101
8159,89
8160,85
8161,91
8162,85
8163,81
8164,85
8165,87
8166,97
8167,93
8168,79
8169,95
8170,93
8171,85
8172,89
8173,81
8174,87
8175,95
8176,91
8177,87
8178,87
8179,101
8180,87
8181,81
8182,87
8183,91
8184,95
8185,85
8186,91
8187,79
8188,91
8189,99
8190,77
8191,91
8192,97
8193,101
8194,87
8195,89
8196,97
8197,103
8198,91
8199,91
8200,87
8201,89
8202,91
8203,103
8204,93
8205,97
8206,91
8207,91
8208,87
8209,103
8210,83
8211,85
8212,85
8213,89
8214,95
8215,81
8216,91
8217,83
8218,83
8219,81
8220,95
8221,85
8222,91
8223,89
8224,89
8225,83
8226,89
8227,89
8228,89
8229,91
8230,79
8231,91
8232,85
8233,91
8234,91
8235,81
8236,87
8237,85
8238,95
8239,107
8240,89
8241,81
8242,107
8243,81
8244,89
8245,81
8246,81
8247,91
8248,97
8249,95
8250,89
8251,85
8252,85
8253,89
8254,101
8255,87
8256,91
8257,87
8258,89
8259,97
8260,99
8261,87
8262,101
8263,95
8264,85
8265,87
8266,99
8267,89
8268,87
8269,87
8270,83
8271,97
8272,81
8273,91
8274,89
8275,91
8276,85
8277,99
8278,97
8279,85
8280,95
8281,105
8282,91
8283,81
8284,101
8285,97
8286,83
8287,93
8288,85
8289,87
8290,93
8291,95
8292,101
8293,81
8294,89
8295,95
8296,85
8297,85
8298,91
8299,103
8300,97
8301,89
8302,87
8303,81
8304,105
8305,91
8306,87
8307,83
8308,99
8309,95
8310,89
8311,91
8312,99
8313,83
8314,85
8315,91
8316,87
8317,95
8318,97
8319,95
8320,83
8321,91
8322,93
8323,89
8324,87
8325,105
8326,85
8327,97
8328,89
8329,77
8330,91
8331,93
8332,93
8333,85
8334,87
8335,91
8336,81
8337,87
8338,85
8339,91
8340,85
8341,83
8342,85
8343,81
8344,89
8345,95
8346,91
8347,89
8348,97
8349,89
8350,79
8351,85
8352,83
8353,91
8354,89
8355,87
8356,99
8357,97
8358,85
8359,99
8360,91
8361,91
8362,89
8363,85
8364,87
8365,99
8366,89
8367,99
8368,97
8369,89
8370,89
8371,77
8372,91
8373,87
8374,95
8375,83
8376,91
8377,97
8378,89
8379,93
8380,83
8381,93
8382,89
8383,97
8384,83
8385,89
8386,89
8387,89
8388,91
8389,93
8390,83
8391,99
8392,95
8393,89
8394,89
8395,83
8396,87
8397,81
8398,89
8399,87
8400,77
8401,89
8402,93
8403,93
8404,91
8405,85
8406,87
8407,93
8408,85
8409,87
8410,85
8411,87
8412,81
8413,79
8414,89
8415,89
8416,97
8417,97
8418,89
8419,83
8420,83
8421,87
8422,91
8423,89
8424,87
8425,91
8426,85
8427,101
8428,87
8429,89
8430,81
8431,89
8432,91
8433,89
8434,85
8435,93
8436,85
8437,77
8438,97
8439,77
8440,91
8441,107
8442,101
8443,79
8444,85
8445,93
8446,101
8447,93
8448,95
8449,95
8450,101
8451,85
8452,97
8453,89
8454,85
8455,85
8456,91
8457,93
8458,79
8459,93
8460,95
8461,87
8462,87
8463,89
8464,79
8465,89
8466,87
8467,91
8468,91
8469,89
8470,81
8471,93
8472,85
8473,89
8474,91
8475,89
8476,85
8477,93
8478,91
8479,85
8480,83
8481,97
8482,73
8483,97
8484,91
8485,83
8486,91
8487,91
8488,101
8489,99
8490,97
8491,89
8492,91
8493,101
8494,101
8495,87
8496,97
8497,79
8498,81
8499,85
8500,89
8501,93
8502,95
8503,87
8504,89
8505,95
8506,89
8507,97
8508,81
8509,93
8510,97
8511,99
8512,91
8513,85
8514,85
8515,93
8516,95
8517,89
8518,83
8519,89
8520,89
8521,83
8522,89
8523,99
8524,97
8525,97
8526,81
8527,95
8528,87
8529,93
8530,87
8531,87
8532,105
8533,89
8534,91
8535,79
8536,93
8537,93
8538,83
8539,87
8540,87
8541,91
8542,89
8543,95
8544,95
8545,89
8546,87
8547,91
8548,99
8549,89
8550,93
8551,93
8552,105
8553,87
8554,77
8555,89
8556,91
8557,91
8558,87
8559,101
8560,91
8561,91
8562,83
8563,97
8564,93
8565,87
8566,79
8567,85
8568,81
8569,89
8570,85
8571,85
8572,87
8573,89
8574,99
8575,81
8576,75
8577,87
8578,101
8579,83
8580,91
8581,93
8582,87
8583,97
8584,83
8585,91
8586,99
8587,99
8588,81
8589,89
8590,85
8591,97
8592,85
8593,87
8594,99
8595,83
8596,105
8597,95
8598,77
8599,83
8600,91
8601,85
8602,85
8603,85
8604,89
8605,87
8606,93
8607,89
8608,99
8609,83
8610,91
8611,87
8612,83
8613,89
8614,83
8615,91
8616,99
8617,101
8618,91
8619,101
8620,101
8621,101
8622,103
8623,97
8624,85
8625,85
8626,95
8627,95
8628,85
8629,87
8630,89
8631,83
8632,93
8633,89
8634,97
8635,87
8636,83
8637,91
8638,95
8639,81
8640,85
8641,81
8642,85
8643,97
8644,89
8645,99
8646,91
8647,97
8648,93
8649,87
8650,87
8651,81
8652,87
8653,81
8654,77
8655,81
8656,89
8657,91
8658,91
8659,85
8660,97
8661,101
8662,93
8663,97
8664,91
8665,93
8666,97
8667,81
8668,93
8669,85
8670,97
8671,87
8672,87
8673,99
8674,89
8675,85
8676,87
8677,95
8678,85
8679,85
8680,91
8681,87
8682,89
8683,87
8684,81
8685,97
8686,99
8687,93
8688,107
8689,101
8690,91
8691,83
8692,87
8693,95
8694,99
8695,83
8696,99
8697,87
8698,91
8699,97
8700,101
8701,91
8702,85
8703,89
8704,85
8705,85
8706,87
8707,85
8708,89
8709,85
8710,91
8711,83
8712,93
8713,89
8714,87
8715,91
8716,87
8717,83
8718,89
8719,89
8720,91
8721,81
8722,87
8723,85
8724,93
8725,93
8726,89
8727,89
8728,89
8729,89
8730,87
8731,89
8732,83
8733,95
8734,87
8735,93
8736,91
8737,89
8738,87
8739,93
8740,77
8741,83
8742,91
8743,87
8744,89
8745,89
8746,89
8747,89
8748,91
8749,89
8750,89
8751,91
8752,95
8753,89
8754,97
8755,91
8756,91
8757,89
8758,103
8759,85
8760,97
8761,91
8762,99
8763,101
8764,89
8765,97
8766,95
8767,95
8768,103
8769,85
8770,93
8771,95
8772,83
8773,85
8774,89
8775,83
8776,77
8777,87
8778,91
8779,97
8780,89
8781,83
8782,89
8783,95
8784,87
8785,93
8786,87
8787,83
8788,89
8789,87
8790,89
8791,75
8792,79
8793,85
8794,81
8795,79
8796,91
8797,87
8798,89
8799,89
8800,93
8801,91
8802,99
8803,97
8804,83
8805,91
8806,91
8807,89
8808,83
8809,91
8810,87
8811,93
8812,97
8813,85
8814,91
8815,89
8816,93
8817,85
8818,93
8819,89
8820,87
8821,87
8822,87
8823,93
8824,89
8825,91
8826,87
8827,89
8828,79
8829,95
8830,85
8831,97
8832,93
8833,89
8834,87
8835,81
8836,89
8837,93
8838,83
8839,95
8840,103
8841,95
8842,83
8843,91
8844,101
8845,89
8846,103
8847,93
8848,93
8849,87
8850,99
8851,85
8852,87
8853,79
8854,91
8855,93
8856,87
8857,81
8858,89
8859,89
8860,85
8861,93
8862,93
8863,87
8864,77
8865,99
8866,95
8867,89
8868,83
8869,89
8870,93
8871,97
8872,91
8873,91
8874,85
8875,87
8876,77
8877,87
8878,85
8879,91
8880,89
8881,95
8882,89
8883,83
8884,85
8885,89
8886,89
8887,77
8888,101
8889,85
8890,89
8891,87
8892,107
8893,95
8894,91
8895,85
8896,97
8897,95
8898,81
8899,83
8900,77
8901,95
8902,85
8903,87
8904,91
8905,83
8906,93
8907,89
8908,91
8909,91
8910,89
8911,44
8912,7
8913,0
8914,89
8915,87
8916,81
8917,97
8918,93
8919,93
8920,89
8921,81
8922,99
8923,99
8924,101
8925,87
8926,83
8927,87
8928,89
8929,83
8930,97
8931,87
8932,99
8933,85
8934,87
8935,87
8936,81
8937,87
8938,87
8939,93
8940,85
8941,83
8942,95
8943,101
8944,83
8945,79
8946,87
8947,83
8948,77
8949,91
8950,85
8951,81
8952,81
8953,85
8954,85
8955,91
8956,99
8957,91
8958,91
8959,89
8960,91
8961,91
8962,89
8963,89
8964,81
8965,85
8966,89
8967,103
8968,83
8969,87
8970,83
8971,85
8972,101
8973,85
8974,89
8975,85
8976,87
8977,83
8978,93
8979,87
8980,79
8981,81
8982,85
8983,87
8984,91
8985,91
8986,89
8987,77
8988,95
8989,85
8990,83
8991,103
8992,97
8993,87
8994,85
8995,89
8996,91
8997,81
8998,97
8999,91
9000,83
9001,103
9002,91
9003,89
9004,79
9005,87
9006,89
9007,99
9008,89
9009,93
9010,85
9011,83
9012,97
9013,85
9014,83
9015,89
9016,91
9017,87
9018,95
9019,93
9020,93
9021,93
9022,81
9023,101
9024,97
9025,81
9026,83
9027,85
9028,99
9029,105
9030,91
9031,91
9032,93
9033,89
9034,103
9035,93
9036,91
9037,83
9038,77
9039,83
9040,77
9041,95
9042,85
9043,79
9044,89
9045,101
9046,79
9047,83
9048,81
9049,79
9050,85
9051,85
9052,93
9053,81
9054,93
9055,81
9056,83
9057,97
9058,89
9059,93
9060,93
9061,89
9062,95
9063,93
9064,87
9065,87
9066,77
9067,93
9068,97
9069,95
9070,91
9071,87
9072,99
9073,85
9074,87
9075,89
9076,103
9077,97
9078,93
9079,93
9080,83
9081,91
9082,83
9083,85
9084,89
9085,89
9086,103
9087,89
9088,93
9089,95
9090,89
9091,93
9092,91
9093,93
9094,81
9095,79
9096,83
9097,81
9098,101
9099,91
9100,83
9101,87
9102,91
9103,81
9104,93
9105,103
9106,87
9107,85
9108,91
9109,87
9110,85
9111,99
9112,101
9113,87
9114,87
9115,89
9116,81
9117,87
9118,83
9119,89
9120,97
9121,81
9122,87
9123,83
9124,85
9125,85
9126,97
9127,95
9128,93
9129,89
9130,85
9131,91
9132,91
9133,87
9134,85
9135,83
9136,93
9137,83
9138,97
9139,93
9140,81
9141,87
9142,87
9143,93
9144,93
9145,85
9146,85
9147,97
9148,89
9149,93
9150,99
9151,95
9152,103
9153,85
9154,89
9155,93
9156,87
9157,81
9158,85
9159,87
9160,87
9161,95
9162,95
9163,103
9164,93
9165,97
9166,87
9167,95
9168,99
9169,87
9170,95
9171,101
9172,83
9173,89
9174,97
9175,91
9176,93
9177,81
9178,87
9179,87
9180,89
9181,95
9182,95
9183,89
9184,81
9185,85
9186,89
9187,101
9188,87
9189,93
9190,93
9191,99
9192,93
9193,77
9194,91
9195,101
9196,91
9197,91
9198,85
9199,93
9200,89
9201,87
9202,85
9203,101
9204,83
9205,93
9206,85
9207,91
9208,79
9209,95
9210,93
9211,79
9212,95
9213,85
9214,95
9215,89
9216,87
9217,91
9218,91
9219,85
9220,81
9221,93
9222,87
9223,89
9224,85
9225,85
9226,103
9227,91
9228,97
9229,95
9230,85
9231,89
9232,81
9233,85
9234,85
9235,89
9236,89
9237,81
9238,89
9239,107
9240,97
9241,81
9242,75
9243,85
9244,89
9245,93
9246,99
9247,91
9248,91
9249,85
9250,91
9251,91
9252,99
9253,91
9254,79
9255,95
9256,89
9257,87
9258,83
9259,93
9260,97
9261,87
9262,93
9263,97
9264,89
9265,89
9266,95
9267,87
9268,85
9269,105
9270,91
9271,79
9272,87
9273,83
9274,87
9275,89
9276,87
9277,91
9278,89
9279,93
9280,81
9281,89
9282,103
9283,95
9284,85
9285,83
9286,87
9287,89
9288,91
9289,87
9290,81
9291,83
9292,95
9293,81
9294,91
9295,93
9296,87
9297,97
9298,85
9299,95
9300,97
9301,81
9302,91
9303,99
9304,95
9305,83
9306,91
9307,97
9308,81
9309,91
9310,79
9311,79
9312,91
9313,81
9314,87
9315,89
9316,85
9317,97
9318,81
9319,81
9320,97
9321,95
9322,83
9323,83
9324,73
9325,83
9326,101
9327,89
9328,89
9329,93
9330,81
9331,95
9332,83
9333,81
9334,89
9335,99
9336,93
9337,87
9338,79
9339,93
9340,87
9341,85
9342,89
9343,81
9344,91
9345,95
9346,85
9347,89
9348,89
9349,99
9350,83
9351,77
9352,83
9353,87
9354,91
9355,89
9356,93
9357,95
9358,95
9359,91
9360,89
9361,89
9362,95
9363,87
9364,91
9365,89
9366,83
9367,95
9368,107
9369,85
9370,101
9371,85
9372,91
9373,99
9374,93
9375,91
9376,85
9377,101
9378,93
9379,89
9380,101
9381,87
9382,85
9383,89
9384,85
9385,95
9386,95
9387,85
9388,91
9389,83
9390,79
9391,97
9392,87
9393,91
9394,89
9395,87
9396,89
9397,85
9398,95
9399,95
9400,99
9401,85
9402,91
9403,91
9404,97
9405,87
9406,89
9407,77
9408,93
9409,89
9410,91
9411,101
9412,85
9413,99
9414,89
9415,91
9416,87
9417,101
9418,81
9419,87
9420,87
9421,91
9422,97
9423,85
9424,83
9425,101
9426,97
9427,101
9428,87
9429,81
9430,91
9431,99
9432,95
9433,87
9434,95
9435,87
9436,77
9437,93
9438,89
9439,79
9440,95
9441,89
9442,99
9443,87
9444,97
9445,97
9446,85
9447,95
9448,93
9449,89
9450,87
9451,85
9452,93
9453,79
9454,85
9455,89
9456,85
9457,99
9458,93
9459,89
9460,93
9461,91
9462,97
9463,87
9464,91
9465,95
9466,79
9467,105
9468,81
9469,91
9470,83
9471,87
9472,87
9473,89
9474,87
9475,85
9476,95
9477,83
9478,83
9479,81
9480,91
9481,87
9482,85
9483,91
9484,101
9485,77
9486,95
9487,93
9488,83
9489,81
9490,87
9491,83
9492,81
9493,91
9494,97
9495,95
9496,93
9497,87
9498,99
9499,105
9500,93
9501,83
9502,91
9503,79
9504,69
9505,99
9506,83
9507,85
9508,91
9509,85
9510,99
9511,91
9512,83
9513,101
9514,83
9515,87
9516,93
9517,91
9518,89
9519,79
9520,93
9521,101
9522,83
9523,95
9524,89
9525,93
9526,91
9527,79
9528,99
9529,93
9530,89
9531,87
9532,93
9533,85
9534,91
9535,91
9536,95
9537,85
9538,99
9539,87
9540,101
9541,89
9542,101
9543,93
9544,91
9545,79
9546,79
9547,85
9548,85
9549,107
9550,89
9551,89
9552,83
9553,101
9554,91
9555,99
9556,87
9557,91
9558,87
9559,95
9560,85
9561,75
9562,95
9563,87
9564,91
9565,101
9566,87
9567,91
9568,83
9569,93
9570,87
9571,95
9572,95
9573,99
9574,87
9575,89
9576,99
9577,99
9578,95
9579,101
9580,93
9581,81
9582,93
9583,91
9584,91
9585,77
9586,87
9587,81
9588,101
9589,79
9590,91
9591,81
9592,91
9593,87
9594,97
9595,85
9596,87
9597,91
9598,93
9599,83
9600,83
9601,79
9602,97
9603,95
9604,97
9605,97
9606,85
9607,83
9608,93
9609,81
9610,95
9611,89
9612,91
9613,85
9614,95
9615,93
9616,93
9617,91
9618,83
9619,87
9620,89
9621,97
9622,95
9623,91
9624,91
9625,83
9626,91
9627,95
9628,93
9629,95
9630,89
9631,95
9632,81
9633,101
9634,91
9635,97
9636,83
9637,87
9638,93
9639,105
9640,93
9641,93
9642,95
9643,87
9644,91
9645,81
9646,81
9647,95
9648,91
9649,93
9650,93
9651,97
9652,89
9653,93
9654,95
9655,99
9656,85
9657,85
9658,89
9659,87
9660,85
9661,83
9662,101
9663,91
9664,85
9665,89
9666,89
9667,93
9668,97
9669,87
9670,87
9671,89
9672,99
9673,87
9674,87
9675,95
9676,97
9677,83
9678,83
9679,91
9680,95
9681,87
9682,85
9683,89
9684,87
9685,85
9686,87
9687,85
9688,83
9689,89
9690,87
9691,87
9692,79
9693,87
9694,81
9695,91
9696,91
9697,87
9698,79
9699,95
9700,81
9701,89
9702,87
9703,81
9704,87
9705,97
9706,93
9707,95
9708,93
9709,81
9710,103
9711,93
9712,85
9713,95
9714,89
9715,89
9716,81
9717,91
9718,87
9719,101
9720,91
9721,97
9722,89
9723,87
9724,103
9725,99
9726,93
9727,91
9728,85
9729,91
9730,87
9731,97
9732,91
9733,87
9734,101
9735,83
9736,95
9737,89
9738,95
9739,97
9740,83
9741,83
9742,93
9743,89
9744,87
9745,93
9746,87
9747,79
9748,93
9749,93
9750,97
9751,91
9752,87
9753,79
9754,107
9755,79
9756,89
9757,91
9758,83
9759,91
9760,89
9761,77
9762,87
9763,89
9764,91
9765,89
9766,91
9767,89
9768,83
9769,97
9770,87
9771,103
9772,83
9773,75
9774,97
9775,101
9776,87
9777,101
9778,95
9779,95
9780,89
9781,81
9782,99
9783,91
9784,99
9785,83
9786,101
9787,89
9788,93
9789,91
9790,89
9791,99
9792,83
9793,95
9794,87
9795,101
9796,93
9797,83
9798,97
9799,99
9800,91
9801,87
9802,81
9803,97
9804,85
9805,87
9806,97
9807,91
9808,89
9809,81
9810,101
9811,81
9812,97
9813,101
9814,83
9815,87
9816,99
9817,107
9818,103
9819,91
9820,89
9821,87
9822,79
9823,85
9824,99
9825,85
9826,93
9827,95
9828,99
9829,97
9830,89
9831,83
9832,87
9833,91
9834,83
9835,89
9836,85
9837,95
9838,93
9839,89
9840,91
9841,91
9842,87
9843,93
9844,83
9845,83
9846,91
9847,99
9848,87
9849,91
9850,83
9851,103
9852,83
9853,85
9854,85
9855,81
9856,85
9857,95
9858,81
9859,91
9860,81
9861,93
9862,85
9863,95
9864,101
9865,93
9866,97
9867,101
9868,107
9869,85
9870,89
9871,93
9872,95
9873,91
9874,99
9875,89
9876,85
9877,87
9878,91
9879,103
9880,91
9881,83
9882,87
9883,87
9884,89
9885,99
9886,97
9887,87
9888,97
9889,83
9890,87
9891,97
9892,93
9893,95
9894,85
9895,93
9896,91
9897,81
9898,87
9899,87
9900,91
9901,93
9902,95
9903,89
9904,85
9905,95
9906,93
9907,79
9908,93
9909,101
9910,97
9911,85
9912,99
9913,93
9914,79
9915,93
9916,97
9917,85
9918,89
9919,99
9920,91
9921,85
9922,87
9923,87
9924,99
9925,89
9926,77
9927,85
9928,101
9929,105
9930,97
9931,83
9932,87
9933,87
9934,93
9935,79
9936,89
9937,85
9938,91
9939,87
9940,89
9941,95
9942,87
9943,95
9944,89
9945,87
9946,95
9947,93
9948,83
9949,99
9950,87
9951,89
9952,87
9953,85
9954,85
9955,91
9956,97
9957,91
9958,77
9959,87
9960,91
9961,89
9962,97
9963,85
9964,97
9965,85
9966,85
9967,85
9968,87
9969,95
9970,74
9971,9
9972,0
9973,93
9974,85
9975,89
9976,93
9977,91
9978,83
9979,87
9980,97
9981,89
9982,87
9983,81
9984,91
9985,85
9986,93
9987,89
9988,77
9989,93
9990,99
9991,91
9992,91
9993,93
9994,85
9995,95
9996,93
9997,101
9998,85
9999,87
